FactorX;Factoy
-0.8037392649314505;-0.8530526090979351
0.8528507281487729;0.3676184369996059
0.9271795061056534;-0.27490243756622473
-0.7526260566263646;-0.511565170496435
0.7068462242948815;0.8106791969349201
10.346.985.222.526.900;0.39465502316680606
-0.4758451976999567;0.9897608052491426
-0.46030156696715135;-0.858997792847955
-0.6803015449553551;-0.6614948132135297
-10.319.692.998.897.800;-0.021993544664472786
-0.24249837223970416;-10.503.327.555.845.100
-0.8922583642696243;-0.3391692332153857
-0.802034403520755;-0.77416776747668
-0.047195569139956796;-10.161.379.858.475.400
11.947.042.666.176.300;-0.26900246098732894
-0.22148739017570518;-0.9191318958916752
-0.41047532001341613;0.9644790047943875
-0.838935270223631;-0.40797903502344335
-0.8891475108052228;0.614016108166731
0.9055641272606018;0.1845683965479906
-0.005794851561314873;-0.8844307094197479
-0.7038103949655755;0.5474924923489703
-1.070.815.706.178.140;-0.15898274661217776
10.072.376.187.923.000;0.385175352050115
-0.584861589344916;0.7001177056148352
-0.8811401526282232;-0.011888759385060815
0.3269950429615886;0.9989085561223349
-1.047.621.137.664.610;0.11854357306077548
-0.11996048946103877;-10.354.107.266.343.900
-0.7855329356894621;0.7134184692477883
0.64626878403344;-0.6435521607113924
-0.22493936970544892;-0.8832757178068656
-0.7192977459483437;-10.133.377.180.508.000
-0.49549815863203106;-0.9193024001009618
-0.8655543338763422;-0.2556828217077825
-0.48027576048704373;0.7344258721568331
-0.5749240989766965;0.6409877387164752
-0.8595798498985887;0.49443233932262143
-0.28265519916827364;-0.863595305793604
-10.065.002.335.949.100;-0.021416724179164834
0.7851123760707479;0.31277480516850886
-0.9788867704819076;-0.09269208739225476
-10.229.994.600.598.600;0.3241227678284404
-0.2441251431724373;-0.976346931712131
-0.6380824608244486;-0.762434476965052
-0.7048956347885478;0.689572542922241
-0.9684060557140757;0.2980193525267316
-1.086.022.645.655.930;-0.28943566304773566
-0.7598403222247876;0.5914534242967799
-0.4171353939260106;0.9311215210987109
-0.9946155808690194;0.36541420201251884
-0.33546082062153787;0.9104856562753862
-0.7817876668413662;0.7888501983074505
-0.7881950337818848;-0.38289753072364763
-0.29672329145603527;10.627.190.256.295.300
0.603422610800918;-0.8332913445710316
0.7617334767904221;-0.6464709233372187
-0.5748947619473357;-0.7834495749622271
0.8921440895517716;-0.216737656126802
-0.5006689273962444;0.8634064586497676
0.9350758074473382;0.09825036596730274
10.044.587.850.851.500;-0.1575334229853749
-0.19966962714943748;10.592.972.469.385.400
-0.788029457098908;0.5490921690636382
-0.01533481822724208;-0.9080542850926109
0.9248971587477159;-0.48859875867228403
-0.4816275221806261;-0.9187482433642803
0.7270509314315061;-0.7158471734395321
0.6369640497499164;-0.6823743934493648
0.9004933552161771;-0.6167030599333532
8,94E+11;0.836135739105192
-0.5425222885330996;0.8758907112512839
-0.8221796752272588;0.6428272922228514
0.7790528257946063;-0.6497653994002496
0.8479763254389721;0.06649989380643637
-0.19800828325692582;0.9679882416198466
-0.9154735346161287;-0.10984768772629477
-0.4438520716195927;0.7397405019721928
0.32767468778426734;11.273.213.900.732.500
-0.31608093820813743;-11.264.365.624.859.400
-0.28059201780699755;-108.055.137.868.903
-0.23904498156853587;0.900086951144226
-0.667160482091963;-0.9279020462251866
-0.28813077504570106;10.723.974.442.798
11.435.174.071.799.400;0.36819454307017635
0.3061017371087675;11.141.219.580.399.600
0.014524583251513096;-10.411.913.338.468.000
-0.3498020824798893;-0.8933187371699145
-0.16979329226939313;1.073.745.447.853.500
-0.5190390469441566;0.9201127793023466
-0.14867444232045102;10.540.157.364.406.600
0.2823286547445319;-0.9685972880952858
0.6789382055464233;0.679054894442866
0.5614207516545827;-0.8378359807713662
-0.44490253891206494;-0.9313836298302254
10.773.084.823.916.600;-0.18590320336029595
-0.4430267051856287;104.852.266.543.875
0.8595534265667079;0.42933089337202995
0.9484301884442151;0.6246602863356786
0.8510002863211323;0.683223795657274
0.10055682386842602;10.267.912.357.181.000
-0.4040630463574251;-0.8956770240093412
-0.056155579938554745;11.930.263.113.322.100
-0.9183029749469968;-0.16788940006316558
-0.46468409159242724;0.8584796759237123
0.6557873592401139;-0.8143895531674559
-0.45938379516207317;-0.7955227794109607
0.32576470908811134;0.7271565426139865
0.6990588975598436;0.6970871732683964
-0.9833936306822071;-0.31629303929479013
-0.16238797242214945;-1.007.095.881.447.930
-0.7227553925912354;-0.7857750980495175
-0.9326558822481311;-0.21055680492733453
0.5937868370071635;0.8086133177342243
-0.013153580099094328;-0.9978199404663735
0.6575612700789685;-0.7728876232202163
-0.2305370035209682;-11.948.871.106.304.500
0.14778654945424086;0.9050773314260503
0.8093646623617551;0.5477692332729149
-0.009407735321053316;0.9926825675648309
-0.183158587462188;0.9307236852640758
-10.247.988.944.185.800;-0.1478061169916308
0.8839793040548749;0.44253917543921995
10.222.498.772.113.200;0.0716783285836294
0.8702431104821238;-0.26509245460357733
0.15071369491689451;-0.8998206500876426
-0.858463241202387;-0.401678136971869
-0.9202555177712218;0.11343846678741122
-11.317.998.325.890.300;-0.04553197658357703
0.6710755374525175;0.7883557228511546
0.9620106095594516;0.2536763158977556
0.4293570226195708;0.9774554158190446
-10.267.944.928.321.700;-0.0990966219886329
0.2752028311723872;0.862920170292931
-0.8893997833282644;0.2589128712643165
-0.24653317344082773;-0.8259404421835932
-0.87508921730404;-0.683545953930707
-0.7620165287363427;0.26947162095020005
10.628.887.952.429.800;-0.4225790951382313
-10.136.743.519.961.300;0.607914395559285
-0.39424239212976486;0.8062671258375196
0.5577935121692381;0.6894171746773196
0.7090191610200038;-0.7834247468824728
-11.022.253.998.751.000;-0.19567527678376723
0.6333102761383426;-0.8983686473918463
0.2990275725057387;-0.9016478006489389
0.700982846252247;-0.6587570921080783
0.7034446461927251;0.44448479326669543
0.3682010858438294;0.8052400332822619
0.4681268119222206;0.9114123097649385
-0.33659078940464593;-0.9455572688424428
0.10717084029153073;-0.9891408699237065
0.7357822997117707;-0.4079618504838176
-0.7067838837715212;-0.5849126158085467
0.5847583815902793;0.9534847943502199
0.9768537258351191;0.4451021933479177
-0.3761272622647168;-0.9122432093182428
-0.36628955880211705;-0.9925189599812441
-0.6394029408303379;10.079.999.072.788.700
-0.5444274488867443;0.8385602164920145
-0.6051623054415559;-0.6871077356512593
-0.4321968026799504;-0.9335341807523261
-0.7344278270559473;-0.5454560826040773
-0.8596078735427074;0.580895335599817
0.5850666302433376;0.7799514075862471
0.3999873857102503;0.898426232640645
0.6183618858696491;-0.29393983909284105
-0.18792304240317143;0.9249098168659532
-0.2556502445470201;0.9366626978755648
0.7537282092777423;-0.46143785973601215
0.9259191945754413;-0.19020560066276188
0.02997049742661035;-0.8862509742221
-0.5114734137853353;0.6960325303540732
-0.9244893839738768;-0.32296729645831573
0.7384052410216428;-0.7073292814756517
-0.541463490422534;-0.7162098024836896
-0.9737490096893278;0.5712495419797445
0.732233944015412;-0.6077608488896442
0.3587589627437151;-0.8099163723808628
-0.10017182652462128;-10.919.369.952.041.500
-0.749711052848709;-0.49121689273790586
-0.11509275286801732;10.495.446.659.030.700
10.144.224.288.022.600;0.4839788038700843
0.9828177818310345;-0.404788603406789
0.8898923243953903;0.5922283210473744
1.015.821.591.089.170;-0.25734440158941535
0.521892093128782;-0.9024667317133811
-0.38775896541263577;10.900.120.537.057.800
10.456.863.877.680.600;-0.4118388156101431
-0.49409573887297964;-0.8903699893392203
-0.9342207800824183;0.3478048308935521
-10.556.109.719.917.700;0.15080325578167292
-0.7216585360041219;0.5854675368056624
0.604858021674682;0.8735893247055921
0.8185478456744287;0.14418948859685943
0.6829436579137957;-0.711958589959827
0.954946951615312;-0.5094802426344097
-0.7129269912445911;0.5144649958367004
0.26418923646205206;-1.119.455.635.159.960
-0.9534508861279092;-0.4319523534223487
0.7194247196204275;0.34202372378944934
0.7812253234410202;0.5042558864552498
-0.044867482498264485;-0.7977664335067376
0.7296108818089266;0.7280540136438636
1.069.564.039.406.210;0.17399479643293514
0.7821623250373114;-0.06695473169493396
0.9510819213736021;0.5269491242477617
0.5785242744095155;0.7996310216066357
-0.03892538876330995;-0.9799506932249136
-0.6958509032396808;0.74010781886963
0.6797237080549045;-0.7539552829320892
-0.7929151725371233;0.11246420866713555
0.8318114103934842;0.3112540215820211
-10.403.534.229.231.300;0.1438958451777867
-0.25873951232261544;-0.978908628795017
0.6467924752486781;-0.745640187088232
-0.14258023966956662;10.844.192.789.660.400
-1.195.899.470.353.280;0.2593841715610463
-0.37036060732712167;-0.7857914419598657
0.5742624766257319;-0.6762108037944012
0.6493844573873037;0.6037071046434331
0.8019176253708648;0.4455618536949642
0.9184278077944372;-0.31031771708325295
0.9258334911511138;0.02160675694677629
0.39350038292064277;0.763553073072889
-0.395457154352827;0.7454489337022498
10.901.190.385.854.900;-0.2959594502021356
0.9438238171977742;-0.4204540592932262
-0.5894737948248374;0.7534369927804979
0.2537097037460873;-0.8887169893436847
-0.11210644599197894;10.342.784.320.699.000
-0.39827770668831197;10.644.993.222.648.800
-0.6086249672584614;-0.8127645563142534
0.188079180609719;0.9885837312688419
0.12218176245455661;-11.322.324.146.157.900
-0.6829569314819812;-0.8563161971002656
-0.8710424858986484;0.10760362345481433
-0.9867576125046865;0.26233395102850604
0.5983861161758901;-0.8321756982002639
0.4925694751836984;0.9369078409731562
0.21631921899288298;0.9710961778354747
0.40134526502751544;-0.7256839539835632
-10.502.151.444.848.200;0.10489562221786519
0.8636359241800814;-0.624883810978345
11.905.731.720.638.400;-0.12036871313322992
0.3723162401581771;-10.645.503.947.580.000
1.080.193.378.984.330;0.044670819418285684
0.9678012149543522;0.2631548189954153
0.1799586246815123;-0.9961181230500145
0.9152901634373666;0.19189272174789052
0.5370633494784333;-0.7435387805504516
0.9036789759939691;-0.5613821314267212
0.9171406949548888;-0.4425101675332064
0.8096302506778409;0.5889821101617888
-0.8002275523038271;-0.37800261074328795
-0.8503765087142529;0.4731758280013779
0.8077947426859698;0.553214405595499
-10.167.486.783.512.900;-0.2531947110986165
0.9375224293136128;-0.47472458495691466
0.5396144708052381;0.8903877777164346
0.7496760597810831;-0.8359528788572399
-0.5687162434734926;0.8552193759506935
0.23142701158025258;-0.7474618727708688
-0.9274976154619156;-0.6014657116708368
0.28168415585388884;-1.049.024.657.614.210
-0.8096359329877638;-0.7160489598306069
-0.2466972092066187;-10.083.711.256.444.600
-0.6786339340255799;-0.7535866817469847
0.21936473126435846;10.141.212.126.212.700
0.5069416519503401;-0.8533111380108865
-0.42367931816141846;0.8489374412782243
0.9151443542779297;0.14818517737593434
0.4335981299527542;-0.7371540955266936
0.7564017982648037;-0.6255791404650255
10.953.763.807.967.000;-0.29180535619252607
-0.9345179981103994;0.40430267423282873
0.9269427264700656;-0.3880222492722892
0.6730611210385846;0.5883780265143905
-0.07676054331642529;-0.9224240100513857
0.04413382017427406;-0.8588883284597767
-0.9901566076608854;0.0038454449412935604
0.32258328089627353;-10.704.242.309.387.700
-0.5687743814994857;0.7403750361762091
0.6745759075609439;-0.6449418430379832
-0.5330570862651423;-0.9450858097413061
0.5139213630263184;-0.9181119622229852
-0.7382453929999016;0.567239675357562
-0.17112238523444823;-0.9984368939862004
-110.484.021.463.331;0.1836539102124576
0.12250626039438738;-0.9730690179219023
10.302.404.536.574.600;0.08042724101256021
0.416450929395599;0.9601554494140658
-0.9586937601652911;0.22395840421416763
-0.33892233733782695;0.9122138018163941
0.9886495013713517;0.05674656239849567
11.481.014.840.075.100;-0.35730986273222354
-0.34514559778942466;10.259.453.467.955.600
-0.7938646210280792;-0.5806117721634971
0.3883728727262849;1.094.986.493.514.420
0.32211863991540984;10.573.634.653.259.000
-0.775505693304205;0.7965758393934791
-0.6124196103815267;0.6947875504661946
-0.6433349449175669;-0.8294742188591879
0.5645242007798981;-0.8288783869233897
-0.04424075875230968;-10.288.685.840.528.000
-0.6840820820374737;-0.6822106612706031
-0.7726631632264271;0.5910194345972046
0.8089364690071611;-0.6266097246289015
-0.42153036608570615;0.7832012907477958
0.5290901033477531;-0.8919339647094099
0.6140935533890249;0.7288752852443967
0.19728580244803806;0.8957787200621199
-0.6872197410535464;-0.6084327539268286
-0.2883080230893386;103.844.317.861.909
-0.7897862648488595;-0.5807532278132108
0.7577789414604758;-0.8424002166808672
0.03455384635047455;-0.7050473683058798
1.032.610.021.616.230;0.0773145280011211
-0.8988760830681256;0.06229819102265129
-0.26004689958190075;0.7412453211919215
-0.22150319289252196;-10.197.025.013.635.600
2,28E+12;-0.9225207185123371
-0.44031399730674675;0.9063698571452986
-1.089.318.467.174.960;0.2725199203972315
0.14367750936584456;10.298.883.619.999.100
-0.728457466270771;-0.6982806962881097
0.9390645083074944;0.15741770963256327
-11.438.321.011.145.000;-0.3329889435690146
1.085.533.708.432.030;0.20913297962032085
-0.8309204544490048;-0.8594036333944847
0.27757700183073536;0.9429717440704822
0.6879538420054119;0.8439430319175341
-0.2096480507964964;0.9114951035783422
0.8534077434831512;-0.4070644100897216
-0.21113646073282694;-0.8765192518307088
-0.8414869473071726;-0.38141566160963236
-0.23349226520686445;0.9752396526506741
0.8177520101433942;-0.18079492937217284
-0.8955881640971904;0.4417801131045203
-0.7737801064455477;0.3696654713883968
-0.22003111814481485;0.9351351850177179
0.8779794005610879;-0.6560262716145698
0.3711350995858639;10.173.876.458.303.300
0.7867173044556972;-0.5174243562924676
0.035368561331064495;-10.578.785.182.421.600
11.030.262.438.827.300;0.04183294212434345
-0.25447803262807656;0.8177987471308437
-0.8426621036711884;-0.053324097934784175
-10.707.334.195.669.200;0.16543303128978395
-0.4370556519180703;0.7267258009684103
-10.367.071.220.160.700;-0.24343641243758646
0.8850862802094649;0.2581035492201954
-0.5051493361706806;0.879571313677461
-0.9255135893096624;0.29990033697925733
-0.8244748481647959;-0.332469834568734
0.9902773842287854;0.766065956562731
0.9697724356340615;-0.7548709272497778
-0.5854034664962539;-0.7416625044773542
-0.6619994062671675;-0.6141474140403703
10.119.863.805.697.000;-0.47667175875113027
0.966548570381054;0.47591602249204434
0.8385847278795021;-0.18674654862007695
0.08781316113561548;-10.879.497.045.740.500
-0.12746108093400554;0.9319577325248447
-10.400.494.099.536.600;-0.42146765411033493
0.6001651906331689;0.6392879593664746
-10.273.117.894.321.300;0.010812661748318284
0.7511665013589013;-0.8065615220188808
0.020445119974753567;1.148.916.981.942.190
0.9232926773082526;0.4109134090683844
-0.22655464279104545;0.9867717174988802
-0.8449610663651058;-0.5179832624141029
0.8806348932370175;-0.7130729418043255
-0.14488214779802555;0.921919457716819
-0.9011851573105467;0.3347085902083792
0.6789866192210546;-0.6395802083108342
-0.10071589141097324;-0.9357068092430294
-0.8833691176078038;-0.38922871482076365
0.8219633714291924;-0.4577531509607887
-10.530.298.262.084.500;-0.24814219018786918
-0.8232779921261146;0.6992940771223319
-1.129.490.782.608.830;-0.20768013362876725
-0.3416677096765532;-10.271.546.737.872.700
10.686.681.135.870.300;0.2284331072350929
0.746526999229566;-0.15439098446538196
1.061.989.811.546.190;-0.13162780326691087
0.8193705017617879;0.6401408890847755
0.031085357101535982;-11.276.963.446.810.800
-0.8616601268532972;-0.42492923287492074
0.866194005726362;-0.8028680486320512
0.9447268939323461;0.3653759748265573
-10.890.239.612.585.400;-0.005019606480434868
-0.6842202013000691;-0.764100794822363
0.7856427060814407;0.44302844704324285
11.874.137.660.581.800;0.09509353771604642
0.9747799678807479;0.07995209976647209
0.2921037072960162;10.746.682.893.211.200
0.4887924468721172;-0.6649795251974059
-0.031224985311146085;-0.9421366160067599
-0.6370736077323779;-0.9052571602321348
-0.3214957059725802;-0.34122104363917405
0.3411402912595092;0.14704737479984237
0.37087180244226137;-0.1099609750264899
-0.3010504226505458;-0.204626068198574
0.2827384897179526;0.324271678773968
0.41387940890107816;0.15786200926672242
-0.19033807907998268;0.39590432209965704
-0.18412062678686053;-0.343599117139182
-0.27212061798214204;-0.2645979252854119
-0.41278771995591246;-0.008797417865789114
-0.09699934889588166;-0.4201331022338078
-0.35690334570784976;-0.1356676932861543
-0.320813761408302;-0.309667106990672
-0.018878227655982717;-0.406455194339019
0.4778817066470545;-0.10760098439493157
-0.08859495607028207;-0.3676527583566701
-0.16419012800536645;0.385791601917755
-0.3355741080894524;-0.16319161400937734
-0.35565900432208913;0.2456064432666924
0.3622256509042407;0.07382735861919623
-0.0023179406245259493;-0.35377228376789915
-0.2815241579862302;0.21899699693958813
-0.4283262824712568;-0.0635930986448711
0.40289504751692207;0.154070140820046
-0.23394463573796642;0.2800470822459341
-0.3524560610512893;-0.004755503754024326
0.13079801718463543;0.39956342244893395
-0.4190484550658448;0.04741742922431019
-0.047984195784415505;-0.41416429065375776
-0.3142131742757849;0.2853673876991153
0.258507513613376;-0.25742086428455696
-0.08997574788217957;-0.35331028712274626
-0.2877190983793375;-0.4053350872203209
-0.1981992634528124;-0.3677209600403847
-0.34622173355053687;-0.102273128683113
-0.1921103041948175;0.29377034886273323
-0.2299696395906786;0.25639509548659006
-0.3438319399594355;0.19777293572904858
-0.11306207966730945;-0.3454381223174416
-0.40260009343796693;-0.008566689671665934
0.31404495042829916;0.12510992206740354
-0.39155470819276306;-0.03707683495690191
-0.40919978402394735;0.12964910713137617
-0.09765005726897492;-0.39053877268485243
-0.2552329843297795;-0.30497379078602077
-0.2819582539154191;0.2758290171688964
-0.3873624222856303;0.11920774101069265
-0.4344090582623724;-0.11577426521909426
-0.30393612888991506;0.23658136971871196
-0.16685415757040425;0.37244860843948435
-0.39784623234760774;0.14616568080500753
-0.13418432824861515;0.3641942625101545
-0.3127150667365465;0.3155400793229802
-0.3152780135127539;-0.15315901228945905
-0.1186893165824141;0.4250876102518145
0.24136904432036718;-0.33331653782841264
0.30469339071616885;-0.2585883693348875
-0.22995790477893427;-0.31337982998489083
0.3568576358207086;-0.0866950624507208
-0.20026757095849773;0.34536258345990706
0.3740303229789353;0.0393001463869211
0.4017835140340635;-0.06301336919414996
-0.07986785085977499;0.42371889877541663
-0.3152117828395632;0.21963686762545528
-0.006133927290896832;-0.36322171403704434
0.36995886349908635;-0.19543950346891362
-0.19265100887225045;-0.36749929734571213
0.29082037257260246;-0.2863388693758128
0.25478561989996656;-0.2729497573797459
0.36019734208647086;-0.24668122397334127
3,58E+11;0.3344542956420768
-0.21700891541323983;0.3503562845005136
-0.3288718700909035;0.2571309168891406
0.31162113031784255;-0.25990615976009984
0.3391905301755888;0.026599957522574547
-0.07920331330277033;0.38719529664793867
-0.3661894138464515;-0.04393907509051791
-0.1775408286478371;0.29589620078887713
0.13106987511370694;0.4509285560293015
-0.12643237528325496;-0.4505746249943785
-0.11223680712279901;-0.432220551475612
-0.09561799262741436;0.3600347804576904
-0.2668641928367852;-0.37116081849007465
-0.11525231001828043;0.42895897771192004
0.4574069628719795;0.14727781722807054
0.12244069484350699;0.44564878321598583
0.005809833300605238;-0.4164765335387238
-0.13992083299195573;-0.3573274948679658
-0.06791731690775725;0.4294981791414008
-0.20761561877766263;0.3680451117209386
-0.05946977692818041;0.42160629457626564
0.11293146189781275;-0.3874389152381143
0.2715752822185693;0.27162195777714643
0.2245683006618331;-0.33513439230854647
-0.17796101556482596;-0.37255345193209016
0.43092339295666654;-0.07436128134411837
-0.17721068207425147;0.4194090661755
0.34382137062668316;0.17173235734881198
0.379372075377686;0.24986411453427143
0.3404001145284529;0.2732895182629096
0.040222729547370405;0.41071649428724355
-0.16162521854297004;-0.3582708096037365
-0.0224622319754219;0.47721052453288787
-0.3673211899787987;-0.06715576002526623
-0.1858736366369709;0.34339187036948493
0.2623149436960456;-0.3257558212669823
-0.18375351806482926;-0.31820911176438427
0.13030588363524453;0.29086261704559463
0.27962355902393743;0.27883486930735857
-0.3933574522728828;-0.12651721571791605
-0.06495518896885978;-0.40283835257917444
-0.28910215703649417;-0.314310039219807
-0.37306235289925244;-0.0842227219709338
0.2375147348028654;0.3234453270936897
-0.005261432039637731;-0.3991279761865494
0.2630245080315874;-0.3091550492880865
-0.09221480140838728;-0.4779548442521821
0.05911461978169634;0.3620309325704201
0.32374586494470203;0.21910769330916596
-0.0037630941284213263;0.39707302702593233
-0.0732634349848752;0.3722894741056303
-0.4099195577674326;-0.059122446796652316
0.35359172162194996;0.17701567017568798
0.4088999508845303;0.02867133143345176
0.3480972441928495;-0.10603698184143093
0.0602854779667578;-0.359928260035057
-0.34338529648095484;-0.1606712547887476
-0.36810220710848873;0.04537538671496449
-0.4527199330356123;-0.01821279063343081
0.268430214981007;0.31534228914046186
0.38480424382378065;0.10147052635910223
0.17174280904782832;0.39098216632761784
-0.41071779713286977;-0.03963864879545316
0.11008113246895487;0.3451680681171724
-0.35575991333130574;0.1035651485057266
-0.0986132693763311;-0.3303761768734373
-0.350035686921616;-0.2734183815722828
-0.3048066114945371;0.10778864838008002
0.42515551809719454;-0.1690316380552925
-0.4054697407984526;0.24316575822371397
-0.15769695685190593;0.3225068503350078
0.22311740486769524;0.2757668698709278
0.28360766440800156;-0.3133698987529891
-0.44089015995004227;-0.0782701107135069
0.25332411045533704;-0.35934745895673853
0.11961102900229548;-0.3606591202595756
0.2803931385008988;-0.26350283684323134
0.28137785847709;0.17779391730667818
0.14728043433753174;0.32209601331290477
0.18725072476888824;0.3645649239059754
-0.13463631576185836;-0.3782229075369771
0.042868336116612296;-0.3956563479694826
0.29431291988470826;-0.16318474019352705
-0.2827135535086085;-0.2339650463234187
0.2339033526361117;0.38139391774008796
0.39074149033404765;0.17804087733916707
-0.15045090490588672;-0.36489728372729713
-0.14651582352084683;-0.39700758399249764
-0.25576117633213513;0.40319996291154847
-0.21777097955469774;0.3354240865968058
-0.24206492217662237;-0.2748430942605037
-0.17287872107198016;-0.3734136723009304
-0.29377113082237893;-0.21818243304163093
-0.34384314941708294;0.2323581342399268
0.23402665209733503;0.31198056303449884
0.1599949542841001;0.359370493056258
0.24734475434785966;-0.11757593563713642
-0.07516921696126858;0.3699639267463813
-0.10226009781880804;0.3746650791502259
0.3014912837110969;-0.18457514389440485
0.3703676778301765;-0.07608224026510475
0.01198819897064414;-0.35450038968884
-0.20458936551413412;0.2784130121416293
-0.36979575358955075;-0.1291869185833263
0.2953620964086571;-0.2829317125902607
-0.21658539616901362;-0.28648392099347586
-0.3894996038757311;0.22849981679189782
0.2928935776061648;-0.2431043395558577
0.14350358509748604;-0.3239665489523451
-0.040068730609848516;-0.4367747980816623
-0.2998844211394836;-0.19648675709516233
-0.046037101147206924;0.4198178663612294
0.4057689715209049;0.19359152154803372
0.3931271127324138;-0.1619154413627156
0.3559569297581561;0.23689132841894978
0.4063286364356684;-0.10293776063576614
0.2087568372515128;-0.36098669268535244
-0.15510358616505432;0.43600482148231273
0.41827455510722505;-0.16473552624405724
-0.19763829554919185;-0.3561479957356881
-0.3736883120329673;0.13912193235742082
-0.422244388796709;0.06032130231266917
-0.2886634144016488;0.23418701472226497
0.2419432086698728;0.34943572988223687
0.3274191382697715;0.05767579543874377
0.2731774631655183;-0.2847834359839308
0.3819787806461248;-0.2037920970537639
-0.28517079649783644;0.20578599833468014
0.10567569458482082;-0.4477822540639876
-0.3813803544511637;-0.17278094136893948
0.28776988784817104;0.13680948951577973
0.3124901293764081;0.2017023545820999
-0.017946992999305793;-0.31910657340269505
0.2918443527235707;0.29122160545754544
0.42782561576248723;0.06959791857317406
0.31286493001492455;-0.026781892677973585
0.38043276854944086;0.2107796496991047
0.2314097097638062;0.3198524086426543
-0.01557015550532398;-0.39198027728996543
-0.2783403612958723;0.296043127547852
0.27188948322196177;-0.3015821131728357
-0.31716606901484934;0.04498568346685422
0.33272456415739365;0.12450160863280843
-0.4161413691692525;0.05755833807111468
-0.10349580492904617;-0.3915634515180068
0.25871699009947124;-0.2982560748352928
-0.05703209586782665;0.43376771158641664
-0.47835978814131436;0.10375366862441852
-0.14814424293084866;-0.3143165767839463
0.22970499065029276;-0.2704843215177605
0.25975378295492146;0.24148284185737326
0.3207670501483459;0.17822474147798567
0.36737112311777487;-0.12412708683330118
0.3703333964604455;0.008642702778710517
0.15740015316825712;0.3054212292291556
-0.1581828617411308;0.29817957348089996
0.43604761543419734;-0.11838378008085423
0.3775295268791097;-0.16818162371729048
-0.23578951792993497;0.30137479711219917
0.10148388149843493;-0.3554867957374739
-0.04484257839679158;0.4137113728279638
-0.1593110826753248;0.4257997289059553
-0.24344998690338454;-0.32510582252570136
0.0752316722438876;0.3954334925075368
0.04887270498182265;-0.4528929658463169
-0.2731827725927925;-0.34252647884010623
-0.3484169943594594;0.04304144938192574
-0.3947030450018746;0.10493358041140241
0.23935444647035603;-0.3328702792801056
0.19702779007347937;0.37476313638926245
0.0865276875971532;0.3884384711341899
0.16053810601100618;-0.2902735815934253
-0.42008605779392927;0.041958248887146075
0.3454543696720326;-0.249953524391338
0.47622926882553973;-0.04814748525329197
0.14892649606327085;-0.4258201579032038
0.43207735159373284;0.017868327767314274
0.38712048598174087;0.10526192759816613
0.07198344987260492;-0.3984472492200058
0.3661160653749466;0.0767570886991562
0.2148253397913733;-0.29741551222018064
0.36147159039758764;-0.2245528525706885
0.3668562779819555;-0.17700406701328256
0.32385210027113637;0.23559284406471553
-0.32009102092153086;-0.15120104429731518
-0.34015060348570114;0.18927033120055117
0.3231178970743879;0.22128576223819957
-0.4066994713405164;-0.1012778844394466
0.3750089717254451;-0.18988983398276588
0.21584578832209522;0.35615511108657383
0.29987042391243324;-0.33438115154289594
-0.22748649738939702;0.3420877503802774
0.09257080463210103;-0.29898474910834755
-0.3709990461847662;-0.24058628466833473
0.11267366234155554;-0.41960986304568604
-0.3238543731951055;-0.28641958393224276
-0.09867888368264748;-0.4033484502577858
-0.271453573610232;-0.30143467269879387
0.08774589250574338;0.4056484850485118
0.20277666078013606;-0.3413244552043546
-0.16947172726456738;0.33957497651128976
0.3660577417111719;0.059274070950373736
0.1734392519811017;-0.29486163821067746
0.3025607193059215;-0.2502316561860102
0.4381505523186811;-0.11672214247701043
-0.3738071992441597;0.1617210696931315
0.3707770905880262;-0.15520889970891566
0.26922444841543386;0.2353512106057562
-0.030704217326570117;-0.3689696040205543
0.01765352806970962;-0.3435553313839107
-0.3960626430643542;0.0015381779765174242
0.1290333123585094;-0.42816969237551145
-0.22750975259979428;0.29615001447048367
0.2698303630243776;-0.25797673721519326
-0.2132228345060569;-0.3780343238965224
0.20556854521052736;-0.3672447848891941
-0.2952981571999606;0.2268958701430248
-0.0684489540937793;-0.39937475759448016
-0.441936085853324;0.07346156408498304
0.04900250415775495;-0.3892276071687609
0.4120961814629854;0.03217089640502409
0.16658037175823961;0.38406217976562634
-0.3834775040661164;0.08958336168566705
-0.13556893493513078;0.36488552072655767
0.3954598005485407;0.022698624959398266
0.45924059360300695;-0.14292394509288942
-0.13805823911576987;0.41037813871822576
-0.3175458484112317;-0.23224470886539886
0.15534914909051395;0.43799459740576996
0.12884745596616393;0.4229453861303605
-0.31020227732168204;0.31863033575739164
-0.2449678441526107;0.27791502018647785
-0.2573339779670268;-0.33178968754367516
0.22580968031195922;-0.3315513547693559
-0.017696303500923872;-0.41154743362112234
-0.27363283281498946;-0.27288426450824127
-0.3090652652905709;0.23640777383888184
0.32357458760286445;-0.2506438898515606
-0.16861214643428246;0.3132805162991183
0.21163604133910124;-0.35677358588376396
0.24563742135560998;0.29155011409775866
0.07891432097921522;0.35831148802484797
-0.2748878964214186;-0.24337310157073144
-0.11532320923573544;0.415377271447636
-0.3159145059395438;-0.23230129112528433
0.3031115765841903;-0.3369600866723469
0.013821538540189821;-0.2820189473223519
0.4130440086464948;0.03092581120044844
-0.3595504332272502;0.02491927640906052
-0.1040187598327603;0.2964981284767686
-0.08860127715700879;-0.40788100054542714
9,10E+10;-0.36900828740493485
-0.1761255989226987;0.3625479428581194
-0.4357273868699876;0.1090079681588926
0.057471003746337825;0.4119553447999655
-0.2913829865083084;-0.2793122785152439
0.3756258033229978;0.06296708385302531
-0.4575328404458003;-0.13319557742760585
0.43421348337281235;0.08365319184812833
-0.3323681817796019;-0.34376145335779384
0.11103080073229414;0.3771886976281929
0.27518153680216473;0.33757721276701363
-0.08385922031859856;0.3645980414313369
0.3413630973932605;-0.16282576403588864
-0.08445458429313077;-0.35060770073228353
-0.33659477892286904;-0.15256626464385295
-0.09339690608274578;0.39009586106026967
0.32710080405735764;-0.07231797174886914
-0.3582352656388762;0.1767120452418081
-0.30951204257821907;0.1478661885553587
-0.08801244725792594;0.3740540740070871
0.35119176022443516;-0.26241050864582793
0.14845403983434555;0.40695505833213536
0.31468692178227886;-0.20696974251698705
0.014147424532425798;-0.4231514072968663
0.44121049755309405;0.01673317684973738
-0.10179121305123062;0.3271194988523375
-0.3370648414684754;-0.02132963917391367
-0.42829336782676847;0.06617321251591358
-0.17482226076722812;0.29069032038736414
-0.41468284880643047;-0.09737456497503458
0.35403451208378595;0.10324141968807816
-0.20205973446827225;0.3518285254709844
-0.370205435723865;0.11996013479170294
-0.3297899392659184;-0.1329879338274936
0.39611095369151417;0.3064263826250924
0.3879089742536246;-0.3019483708999111
-0.23416138659850155;-0.2966650017909417
-0.264799762506867;-0.24565896561614814
0.40479455222788313;-0.19066870350045212
0.3866194281524216;0.19036640899681773
0.33543389115180083;-0.07469861944803077
0.03512526445424619;-0.4351798818296209
-0.050984432373602215;0.3727830930099379
-0.41601976398146673;-0.16858706164413398
0.24006607625326754;0.25571518374658986
-0.4109247157728547;0.004325064699327313
0.3004666005435605;-0.3226246088075523
0.008178047989901427;0.45956679277687795
0.369317070923301;0.16436536362735377
-0.09062185711641818;0.3947086869995521
-0.3379844265460423;-0.20719330496564115
0.352253957294807;-0.2852291767217302
-0.05795285911921022;0.36876778308672764
-0.3604740629242187;0.13388343608335168
0.27159464768842184;-0.25583208332433366
-0.040286356564389295;-0.37428272369721177
-0.3533476470431215;-0.15569148592830545
0.32878534857167696;-0.18310126038431548
-0.42121193048338224;-0.09925687607514767
-0.32931119685044585;0.27971763084893275
-0.4517963130435324;-0.0830720534515069
-0.13666708387062126;-0.4108618695149099
0.4274672454348158;0.09137324289403717
0.2986107996918264;-0.06175639378615279
0.42479592461847765;-0.052651121306764345
0.32774820070471516;0.2560563556339102
0.012434142840614393;-0.45107853787243446
-0.3446640507413189;-0.1699716931499683
0.3464776022905448;-0.3211472194528205
0.37789075757293844;0.14615038993062293
-0.435609584503417;-0.002007842592173947
-0.27368808052002763;-0.3056403179289452
0.3142570824325763;0.17721137881729715
0.4749655064232721;0.03803741508641857
0.3899119871522992;0.031980839906588836
0.11684148291840649;0.42986731572845127
0.19551697874884688;-0.26599181007896233
-0.012489994124458434;-0.37685464640270394
-0.25482944309295114;-0.3621028640928539
-0.8976689499104396;-20.305.330.139.658.000
-0.5547512423945591;-20.262.866.837.856.300
-1.333.690.527.244.470;-20.051.468.644.426.300
-10.513.521.070.824.900;-2.197.266.335.973.400
-0.793370652361773;-1.998.877.174.961.480
-12.214.478.416.135.500;-19.764.655.142.706.100
-0.12921307235956192;-20.950.369.853.521.100
-0.9388045066734776;-21.757.147.975.195.300
-10.145.329.335.937.200;-20.359.960.650.915.100
-1.376.912.968.698.880;-23.121.589.558.424.500
-0.7110109361819923;-18.327.452.887.756.900
-14.309.736.377.326.700;-19.309.450.183.551.000
-0.32478874165099114;-2.097.667.032.007.110
-0.29844598285853863;-19.984.865.824.395.100
-14.157.357.264.775.700;-2.016.545.417.525.040
-0.4602096771122888;-2.166.021.336.852.680
-1.371.835.934.347.470;-20.878.434.380.265.500
-0.516426685382612;-19.034.184.161.397.600
-12.347.574.593.732.100;-21.155.821.306.734.000
-0.9138983997981995;-20.751.395.711.615.600
-0.572651487775147;-2.074.508.435.585.470
-0.9598449845798314;-18.772.947.514.525.900
-0.701898219413124;-20.190.857.993.821.400
-0.8963863140670583;-19.445.689.254.025.300
-0.15936776180751622;-19.228.566.872.896.200
-0.6551911574788392;-2.038.006.679.979.070
-1.337.223.304.552.020;-2.112.855.138.835.590
-0.4121268333401531;-19.829.898.222.960.000
-10.045.415.048.953.100;-20.358.542.332.051.000
-0.42442595260217786;-18.557.061.509.313.400
-14.733.083.616.010.800;-2.051.994.686.324.320
-0.04943221004214138;-20.310.642.094.399.300
-0.07912480062805116;-1.931.726.253.539.840
-0.6242983073461801;-20.663.578.420.365.400
-0.20866437361110002;-20.017.950.548.636.900
-1.394.666.064.181.360;-19.503.408.983.468.300
-1.108.760.958.071.790;-20.404.274.700.505.600
-14.223.440.723.726.500;-2.121.164.881.021.410
-0.8996944099199027;-1.968.725.628.326.380
-0.8260842233430594;-20.279.861.864.189.600
-0.8304398576729;-22.019.855.134.544.700
-0.5306811695918441;-1.973.042.113.682.220
-0.05444774916395545;-19.868.200.749.130.800
-0.2368929299991578;-2.167.877.127.038.150
-0.7270285264821723;-20.525.879.503.304.000
-14.790.641.837.753.300;-20.175.124.623.445.100
-0.5097058990504593;-2.055.663.076.339.160
-1.419.708.262.081.250;-19.448.151.590.891.400
-0.363145918934606;-21.576.051.513.280.200
-10.161.049.148.300.600;-20.954.292.772.391.100
-0.3677442470798269;-2.044.986.342.459.850
-0.4633802950847894;-18.556.093.604.848.400
-14.289.675.594.773.100;-20.155.254.088.813.800
-0.0036349897272884846;-210.217.189.079.899
-0.3444530109409243;-1.846.153.025.281.680
-11.952.865.237.835.700;-2.023.117.597.412.640
-12.334.340.322.995.500;-1.944.807.613.784.820
-1.382.996.585.802.170;-18.878.205.963.130.000
-0.7689596893033013;-19.590.454.607.647.500
-11.037.320.215.255.000;-18.699.738.473.959.100
-1.459.589.346.544.810;-20.790.921.271.535.200
-0.42116130923386663;-18.401.380.546.251.400
-0.6227330644614995;-2.182.290.027.350.440
-0.860899782855995;-2.097.536.311.397.680
-12.638.413.987.588.100;-20.586.460.658.851.700
-0.028267333866097033;-1.976.689.044.819.750
-14.779.986.594.803.600;-20.473.448.624.825.300
-0.2965238553006202;-1.941.688.901.931.140
-14.291.879.357.770.000;-19.579.970.552.708.100
-0.8598183434223756;-19.321.139.091.429.400
-1.383.451.832.109.130;-18.517.538.974.830.500
-0.94767586060334;-21.425.284.037.761.800
-0.4364660909632221;-19.030.025.019.349.900
-0.5189123981399462;-20.265.465.767.861.800
-0.5671736758667976;-2.080.310.555.068.510
-0.6663396625081077;-21.777.034.101.915.900
-0.3699729609070346;-20.849.036.891.625.600
-0.20819846901576966;-20.299.478.219.146.000
-10.539.090.066.449.700;-2.194.024.447.918.980
-0.9050655788742006;-20.360.032.787.633.800
-0.6418133145198226;-1.948.989.381.283.010
-13.531.145.254.382.800;-21.297.970.418.529.600
-0.5104765748837963;-2.000.484.740.234.790
-11.209.235.968.999.500;-21.344.852.234.888.900
-0.8008391676703468;-20.051.684.185.231.100
-0.7395559254800901;-19.105.150.206.640.900
-1.298.684.268.258.510;-22.179.882.272.794.100
-0.7033251287648454;-17.693.583.567.732.700
-0.1941311100963503;-2.116.775.035.555.090
-11.113.328.954.670.500;-19.059.570.281.326.800
-0.07148447306826711;-1.792.089.840.393.810
-0.002052424242720008;-2.094.382.402.327.330
-0.03260739776305854;-2.067.545.414.512.630
-0.08575291314627975;-18.978.349.672.002.500
-0.2790744421072304;-20.817.503.430.666.900
-0.7279021177673712;-20.957.120.734.010.900
-0.8613748904317617;-18.418.880.720.173.200
-0.04604353825561702;-18.233.557.198.512.600
-0.8262086673639715;-20.227.035.158.885.500
-10.050.512.416.055.400;-17.718.889.805.024.700
-0.042707328451797366;-30.532.218.092.437.700
-10.257.167.662.493.800;-30.498.500.477.357.600
-0.7910318481735885;-31.150.139.577.575.800
-0.2808695510029793;-2.987.375.907.727.180
-11.882.057.528.709.900;-2.952.713.610.082.880
-12.332.410.864.764.800;-30.186.525.215.206.400
-11.244.113.420.834.700;-3.161.928.644.995.820
-12.888.963.249.279.100;-3.040.275.904.621.940
-0.12067960342392325;-29.587.187.758.194.800
-14.062.663.380.755.100;-30.720.719.404.060.500
-0.4418891763780266;-30.590.065.230.419.100
-13.180.272.546.596.800;-31.169.626.617.861.600
-0.39052138931583613;-2.940.854.335.392.810
-0.34915969509165734;-3.066.863.894.900.170
-0.7576114777475595;-26.832.062.352.783.500
-0.08972291846293956;-2.898.696.058.264.180
-0.641169395414181;-3.016.598.731.965.130
-0.4417018125532195;-2.999.758.352.773.230
-1.031.110.945.274.120;-3.071.730.198.317.440
-14.391.455.235.891.000;-29.718.661.971.691.900
-0.19220710918307304;-2.999.271.810.288.630
-1.061.437.523.458.150;-31.729.700.226.408.300
-0.9417106860782951;-318.434.736.164.092
-11.724.796.041.380.600;-29.398.796.968.589.700
-0.03478960774373263;-3.231.793.757.081.660
-0.5171290347352624;-30.380.312.073.719.500
-0.41801718750502914;-2.834.483.509.980.840
-0.5220761775271967;-31.662.855.049.015.500
-0.24224211426917464;-2.970.527.033.421.840
-0.055336010875180364;-28.430.098.560.806.500
-0.10503366217017174;-29.488.053.103.237.900
-0.8022325588390231;-28.714.097.598.936.000
-0.7780872168950737;-30.967.514.753.559.700
-0.2802998375846073;-29.367.610.645.493.200
-1.442.145.501.379.850;-2.981.692.133.235.360
-0.7446400778135285;-28.649.883.883.076.200
-10.934.217.766.625.800;-27.512.672.328.555.700
-0.1368107203161344;-29.885.338.302.918.500
-0.4147569271735847;-2.890.425.963.599.600
-0.3070823064772412;-30.402.709.871.192.900
-0.17161988967563957;-30.359.069.714.354.400
-0.31883194483816624;-30.552.788.229.916.400
-0.6262713252799585;-3.135.467.498.027.560
-14.891.798.979.369.900;-2.992.666.113.793.770
-0.3010433327872306;-3.003.898.852.999.210
-0.8138602639082819;-29.278.130.116.018.600
-0.25924478634260595;-30.214.918.957.806.100
-0.7053159435745329;-30.915.584.933.773.400
-0.22792952705640346;-30.128.438.540.802.100
-0.35894922085572034;-28.159.789.512.178.600
-0.3410424623871222;-2.954.946.874.400.930
-11.243.874.878.855.400;-29.725.206.322.339.200
-0.8638567356392741;-28.943.623.582.002.900
-0.5811265718657523;-28.207.945.720.945.700
-0.22913205774966627;-2.828.918.078.390.130
-0.19299602543469518;-30.431.428.933.937.400
-10.394.209.512.742.200;-30.079.276.864.385.100
-0.34355130535550416;-30.363.225.044.500.500
-0.5455710244132206;-30.200.990.473.036.900
-0.7846695083426312;-29.548.718.070.163.600
-10.421.323.694.754.300;-30.479.941.984.802.200
-0.3342769704759121;-311.655.251.801.267
-0.4745813640765846;-3.023.894.397.129.050
-0.9464184619719163;-28.550.165.348.090.900
-0.4622860508970916;-28.147.126.127.746.800
-0.9394437291193753;-30.403.231.504.462.700
-0.8130636080168188;-2.917.303.168.404.380
-0.7926618161145598;-3.012.913.490.241.260
-0.7336601129500195;-3.012.152.688.679.830
-12.763.690.443.243.800;-3.067.427.328.480.040
-0.4983711257809773;-3.157.843.379.879.440
-0.09559179260395467;-28.197.923.603.552.800
-13.064.790.358.766.900;-2.919.888.318.613.540
-0.4679640586255118;-3.179.226.472.750.810
-0.23055210092570633;-3.034.741.872.627.540
-13.238.729.200.093.000;-2.844.568.407.067.030
-0.5907889640657231;-298.935.072.068.141
-0.6405445255804807;-2.980.749.107.932.950
-0.4374864308629185;-2.915.077.203.285.900
-0.13327661412768066;-29.009.485.388.246.700
-0.8509009595727548;-29.372.417.788.355.200
-0.8803489044075832;-2.958.478.451.444.390
-14.547.592.783.346.700;-2.852.506.093.516.520
-0.9790368843823671;-28.290.527.926.088.400
-0.3407061598263681;-2.977.164.039.805.060
-0.7712156481575221;-3.020.811.688.206.060
-0.9039100940572098;-2.998.785.424.472.760
-12.807.448.161.765.900;-29.650.277.336.745.000
-0.40230264980345964;-30.677.644.642.409.800
-0.8466723945457488;-29.357.817.320.802.600
-0.030424635973758996;-31.289.438.035.269.300
-0.04212812602054328;-27.773.932.745.025.500
-13.141.240.153.927.300;-32.483.419.358.975.800
-0.8795998028945178;-29.827.165.721.294.200
-0.13205575640313327;-30.058.904.147.654.400
-0.8954238885780796;-2.945.254.770.269.500
-0.9650777344359085;-30.410.473.602.104.300
-0.2565509886480868;-27.597.594.839.686.300
-0.7848740026820451;-3.014.422.093.944.230
-10.591.943.431.645.600;-2.997.660.355.716.530
-10.047.800.929.751.200;-0.7045704290673349
0.6452988751698285;-2.437.964.565.215.650
-0.11904431367293;-0.7869185191422063
0.4154107498470694;-0.025039365762927757
-0.13226028042845428;-3.353.462.155.339.910
1.342.191.374.860.700;-15.845.178.121.131.700
1.150.222.571.566.700;12.538.741.495.817.500
0.8325215487275273;-17.740.210.555.321.400
-13.533.826.146.740.400;-24.236.679.798.788.800
0.4175712796859443;-0.5423306183464295
-10.564.113.585.278.300;-17.230.008.907.908.300
-0.22817605175077915;0.4837446283852196
-13.772.744.536.399.800;0.082048862474279
-0.338760505663231;-0.20024155589032255
0.5881997274700552;-24.252.158.014.167.400
0.7152524327393621;-0.6407961673165626
-0.5165573589038104;-0.6187774493142258
-0.4032859692815691;-30.834.585.318.332.800
-1.401.169.982.040.300;-0.3721660970638786
12.231.038.811.150.900;-0.6993867541153453
-0.8815455478616059;-2.058.397.238.612.690
11.991.267.087.869.300;-12.086.494.596.372.700
-10.205.484.721.809.600;10.479.732.298.308.500
0.6081033730879426;-0.21590272230534735
0.35065536363981664;-2.277.229.314.596.570
11.660.931.562.073.500;-0.9088759934992618
0.6341356532648206;0.7468453063403047
1.090.422.407.258.300;-0.9675478165259375
-11.956.522.862.892.500;-15.114.327.154.046.800
-0.020780419232323766;0.16480523859826568
10.420.065.990.183.500;-14.652.773.416.761.400
-0.07727809622883797;-12.306.300.487.433.800
0.5388339338824153;-0.14419084746901978
-11.227.718.833.833.900;0.7791443319706532
0.27742741210386157;-1.825.342.715.690.870
-0.6010712371207774;-12.288.799.526.346.400
0.31284085172228515;-10.690.373.174.875.200
13.397.713.496.815.400;-0.10586894258458057
0.5018456317484379;0.5404061702468583
0.7436624737456441;0.6911065002257215
10.043.356.537.353.200;-12.272.169.158.630.800
-0.9070121962577105;-0.06878903702979133
-0.6049937345087528;-18.736.026.292.168.600
-11.762.081.114.575.200;-15.378.213.733.531.500
0.05475783068686724;-21.969.441.912.583.100
1.411.261.493.805.790;-21.004.158.180.478.600
14.922.076.233.197.000;-0.4087800696441145
-0.5824017988052219;-0.2662874323075398
-1.085.107.472.492.380;-0.7827224377756995
-0.1325628887861967;-1.762.214.043.390.270
11.124.121.941.360.200;-2.727.043.569.901.940
10.697.774.490.472.700;-2.597.345.266.904.830
10.180.907.478.694.300;-24.378.809.740.954.400
0.9830397169594212;-24.337.438.327.702.100
0.9765471952647315;-25.650.990.248.720.200
0.8645069307162953;-25.208.737.068.554.200
10.629.956.078.520.400;-2.320.308.835.285.820
10.447.270.152.516.500;-26.098.778.414.894.400
0.895595814154325;-2.322.225.790.824.670
0.9812714425376226;-24.683.055.591.855.400
11.287.290.870.292.100;-23.950.423.578.368.400
1.127.409.281.326.180;-2.552.628.078.500.670
0.8778838641807643;-26.120.212.536.302.400
10.802.021.906.549.600;-24.601.740.505.933.200
10.126.830.700.702.600;-24.578.693.196.996.300
10.388.514.857.183.500;-2.542.515.364.905.050
0.9127803826788612;-25.876.991.005.981.100
0.9792913009991024;-2.370.000.339.569.040
0.7941587311027946;-26.336.786.756.494.900
0.9260876682885504;-2.357.075.757.026.730
0.9693377875624584;-2.559.469.312.008.640
11.303.417.633.533.200;-26.882.686.457.820.200
0.8941340144944891;-22.819.688.768.276
10.301.720.185.835.200;-24.621.222.721.356.300
10.089.973.186.832.700;-26.069.312.828.704.900
0.8636607749428878;-25.375.144.981.621.900
10.282.523.871.303.600;-2.579.479.771.846.230
11.580.699.450.433.800;-24.684.877.131.288.700
1.094.004.024.632.180;-24.866.060.614.316.300
11.131.430.232.010.800;-26.240.551.575.578.800
0.9786304099306155;-24.743.519.463.079
1.095.783.890.475;-25.674.070.206.745.700
0.7629190370464328;-24.366.772.646.214.800
0.8746741390645155;-2.439.763.512.675.600
0.9825152048367035;-2.503.403.368.652.620
10.108.511.592.901.000;-2.578.970.636.054.900
1.051.692.045.431.260;-2.547.043.555.421.420
10.721.634.385.944.800;-260.128.181.376.277
0.9540056167223703;-2.416.644.672.992.650
0.9518388453488825;-23.645.976.437.768.200
0.9650724677746522;-24.949.927.288.013.500
0.9438234028156292;-2.466.311.924.435.550
0.9875297301601935;-25.208.998.873.319.300
10.877.552.327.860.600;-2.478.154.001.210.310
1.046.334.691.360.600;-2.312.652.479.207.620
0.9560634663670554;-247.382.781.950.283
0.9307582707503197;-2.366.530.548.064.350
0.9895547206409441;-24.752.253.353.854.900
0.9792000087432868;-2.637.578.486.118.360
11.219.308.412.228.200;-26.190.539.781.757.300
