x,y
-0.8037392649314505,-0.8530526090979351
0.8528507281487729,0.3676184369996059
0.9271795061056534,-0.2749024375662247
-0.7526260566263646,-0.511565170496435
0.7068462242948815,0.8106791969349201
1.0346985222526954,0.394655023166806
-0.4758451976999567,0.9897608052491426
-0.4603015669671513,-0.858997792847955
-0.6803015449553551,-0.6614948132135297
-1.0319692998897811,-0.0219935446644727
-0.2424983722397041,-1.0503327555845194
-0.8922583642696243,-0.3391692332153857
-0.802034403520755,-0.77416776747668
-0.0471955691399567,-1.0161379858475474
1.1947042666176362,-0.2690024609873289
-0.2214873901757051,-0.9191318958916752
-0.4104753200134161,0.9644790047943876
-0.838935270223631,-0.4079790350234433
-0.8891475108052228,0.614016108166731
0.9055641272606018,0.1845683965479906
-0.0057948515613148,-0.8844307094197479
-0.7038103949655755,0.5474924923489703
-1.070815706178142,-0.1589827466121777
1.0072376187923051,0.385175352050115
-0.584861589344916,0.7001177056148352
-0.8811401526282232,-0.0118887593850608
0.3269950429615886,0.9989085561223348
-1.047621137664612,0.1185435730607754
-0.1199604894610387,-1.0354107266343944
-0.7855329356894621,0.7134184692477883
0.64626878403344,-0.6435521607113924
-0.2249393697054489,-0.8832757178068656
-0.7192977459483437,-1.0133377180508023
-0.495498158632031,-0.9193024001009618
-0.8655543338763422,-0.2556828217077825
-0.4802757604870437,0.7344258721568331
-0.5749240989766965,0.6409877387164752
-0.8595798498985887,0.4944323393226214
-0.2826551991682736,-0.863595305793604
-1.0065002335949174,-0.0214167241791648
0.7851123760707479,0.3127748051685088
-0.9788867704819076,-0.0926920873922547
-1.0229994600598684,0.3241227678284404
-0.2441251431724373,-0.976346931712131
-0.6380824608244486,-0.762434476965052
-0.7048956347885478,0.689572542922241
-0.9684060557140756,0.2980193525267316
-1.086022645655931,-0.2894356630477356
-0.7598403222247876,0.5914534242967799
-0.4171353939260106,0.9311215210987108
-0.9946155808690194,0.3654142020125188
-0.3354608206215378,0.9104856562753862
-0.7817876668413662,0.7888501983074505
-0.7881950337818848,-0.3828975307236476
-0.2967232914560352,1.0627190256295362
0.603422610800918,-0.8332913445710316
0.7617334767904221,-0.6464709233372187
-0.5748947619473357,-0.7834495749622271
0.8921440895517716,-0.216737656126802
-0.5006689273962444,0.8634064586497676
0.9350758074473382,0.0982503659673027
1.0044587850851587,-0.1575334229853749
-0.1996696271494374,1.0592972469385415
-0.788029457098908,0.5490921690636382
-0.015334818227242,-0.9080542850926108
0.924897158747716,-0.488598758672284
-0.4816275221806261,-0.9187482433642804
0.7270509314315061,-0.7158471734395321
0.6369640497499164,-0.6823743934493648
0.9004933552161771,-0.6167030599333532
0.0008941856739653363,0.836135739105192
-0.5425222885330996,0.8758907112512839
-0.8221796752272588,0.6428272922228514
0.7790528257946063,-0.6497653994002496
0.8479763254389721,0.0664998938064363
-0.1980082832569258,0.9679882416198466
-0.9154735346161288,-0.1098476877262947
-0.4438520716195927,0.7397405019721928
0.3276746877842673,1.1273213900732535
-0.3160809382081374,-1.1264365624859465
-0.2805920178069975,-1.08055137868903
-0.2390449815685358,0.900086951144226
-0.667160482091963,-0.9279020462251866
-0.288130775045701,1.0723974442798
1.1435174071799488,0.3681945430701763
0.3061017371087675,1.1141219580399646
0.014524583251513,-1.0411913338468095
-0.3498020824798893,-0.8933187371699145
-0.1697932922693931,1.073745447853502
-0.5190390469441566,0.9201127793023466
-0.148674442320451,1.0540157364406642
0.2823286547445319,-0.9685972880952858
0.6789382055464233,0.679054894442866
0.5614207516545827,-0.8378359807713662
-0.4449025389120649,-0.9313836298302254
1.0773084823916663,-0.1859032033602959
-0.4430267051856287,1.04852266543875
0.8595534265667079,0.4293308933720299
0.9484301884442152,0.6246602863356786
0.8510002863211323,0.683223795657274
0.100556823868426,1.0267912357181088
-0.4040630463574251,-0.8956770240093412
-0.0561555799385547,1.1930263113322197
-0.9183029749469968,-0.1678894000631655
-0.4646840915924272,0.8584796759237123
0.6557873592401139,-0.8143895531674559
-0.4593837951620731,-0.7955227794109607
0.3257647090881113,0.7271565426139865
0.6990588975598436,0.6970871732683964
-0.9833936306822072,-0.3162930392947901
-0.1623879724221494,-1.007095881447936
-0.7227553925912354,-0.7857750980495175
-0.9326558822481312,-0.2105568049273345
0.5937868370071635,0.8086133177342243
-0.0131535800990943,-0.9978199404663736
0.6575612700789685,-0.7728876232202163
-0.2305370035209682,-1.1948871106304553
0.1477865494542408,0.9050773314260504
0.8093646623617551,0.5477692332729149
-0.0094077353210533,0.9926825675648308
-0.183158587462188,0.9307236852640758
-1.0247988944185815,-0.1478061169916308
0.8839793040548749,0.4425391754392199
1.0222498772113258,0.0716783285836294
0.8702431104821238,-0.2650924546035773
0.1507136949168945,-0.8998206500876426
-0.858463241202387,-0.401678136971869
-0.9202555177712218,0.1134384667874112
-1.1317998325890308,-0.045531976583577
0.6710755374525175,0.7883557228511546
0.9620106095594516,0.2536763158977556
0.4293570226195708,0.9774554158190446
-1.0267944928321744,-0.0990966219886329
0.2752028311723872,0.862920170292931
-0.8893997833282644,0.2589128712643165
-0.2465331734408277,-0.8259404421835932
-0.87508921730404,-0.683545953930707
-0.7620165287363427,0.2694716209502
1.0628887952429864,-0.4225790951382313
-1.0136743519961315,0.607914395559285
-0.3942423921297648,0.8062671258375196
0.5577935121692381,0.6894171746773196
0.7090191610200038,-0.7834247468824728
-1.1022253998751057,-0.1956752767837672
0.6333102761383426,-0.8983686473918463
0.2990275725057387,-0.9016478006489388
0.700982846252247,-0.6587570921080783
0.7034446461927251,0.4444847932666954
0.3682010858438294,0.8052400332822619
0.4681268119222206,0.9114123097649384
-0.3365907894046459,-0.9455572688424428
0.1071708402915307,-0.9891408699237064
0.7357822997117707,-0.4079618504838176
-0.7067838837715212,-0.5849126158085467
0.5847583815902793,0.95348479435022
0.9768537258351192,0.4451021933479177
-0.3761272622647168,-0.9122432093182428
-0.366289558802117,-0.992518959981244
-0.6394029408303379,1.0079999072788712
-0.5444274488867443,0.8385602164920145
-0.6051623054415559,-0.6871077356512593
-0.4321968026799504,-0.933534180752326
-0.7344278270559473,-0.5454560826040773
-0.8596078735427074,0.580895335599817
0.5850666302433376,0.7799514075862471
0.3999873857102503,0.898426232640645
0.6183618858696491,-0.293939839092841
-0.1879230424031714,0.9249098168659532
-0.2556502445470201,0.9366626978755648
0.7537282092777423,-0.4614378597360121
0.9259191945754413,-0.1902056006627618
0.0299704974266103,-0.8862509742221
-0.5114734137853353,0.6960325303540732
-0.9244893839738768,-0.3229672964583157
0.7384052410216428,-0.7073292814756517
-0.541463490422534,-0.7162098024836896
-0.9737490096893278,0.5712495419797445
0.732233944015412,-0.6077608488896442
0.3587589627437151,-0.8099163723808628
-0.1001718265246212,-1.0919369952041558
-0.749711052848709,-0.4912168927379058
-0.1150927528680173,1.0495446659030736
1.0144224288022623,0.4839788038700843
0.9828177818310344,-0.404788603406789
0.8898923243953903,0.5922283210473744
1.015821591089171,-0.2573444015894153
0.521892093128782,-0.9024667317133812
-0.3877589654126357,1.0900120537057818
1.0456863877680629,-0.4118388156101431
-0.4940957388729796,-0.8903699893392203
-0.9342207800824184,0.3478048308935521
-1.0556109719917726,0.1508032557816729
-0.7216585360041219,0.5854675368056624
0.604858021674682,0.8735893247055921
0.8185478456744287,0.1441894885968594
0.6829436579137957,-0.711958589959827
0.954946951615312,-0.5094802426344097
-0.7129269912445911,0.5144649958367004
0.264189236462052,-1.119455635159969
-0.9534508861279092,-0.4319523534223487
0.7194247196204275,0.3420237237894493
0.7812253234410202,0.5042558864552498
-0.0448674824982644,-0.7977664335067376
0.7296108818089266,0.7280540136438636
1.069564039406218,0.1739947964329351
0.7821623250373114,-0.0669547316949339
0.951081921373602,0.5269491242477617
0.5785242744095155,0.7996310216066357
-0.0389253887633099,-0.9799506932249136
-0.6958509032396808,0.74010781886963
0.6797237080549045,-0.7539552829320892
-0.7929151725371233,0.1124642086671355
0.8318114103934842,0.3112540215820211
-1.0403534229231313,0.1438958451777867
-0.2587395123226154,-0.978908628795017
0.6467924752486781,-0.745640187088232
-0.1425802396695666,1.0844192789660416
-1.195899470353286,0.2593841715610463
-0.3703606073271216,-0.7857914419598657
0.5742624766257319,-0.6762108037944012
0.6493844573873037,0.6037071046434331
0.8019176253708648,0.4455618536949642
0.9184278077944372,-0.3103177170832529
0.9258334911511138,0.0216067569467762
0.3935003829206427,0.763553073072889
-0.395457154352827,0.7454489337022498
1.0901190385854933,-0.2959594502021356
0.9438238171977742,-0.4204540592932262
-0.5894737948248374,0.7534369927804979
0.2537097037460873,-0.8887169893436847
-0.1121064459919789,1.0342784320699094
-0.3982777066883119,1.0644993222648882
-0.6086249672584614,-0.8127645563142534
0.188079180609719,0.988583731268842
0.1221817624545566,-1.1322324146157925
-0.6829569314819812,-0.8563161971002656
-0.8710424858986484,0.1076036234548143
-0.9867576125046864,0.262333951028506
0.5983861161758901,-0.8321756982002639
0.4925694751836984,0.9369078409731562
0.2163192189928829,0.9710961778354747
0.4013452650275154,-0.7256839539835632
-1.0502151444848231,0.1048956222178651
0.8636359241800814,-0.624883810978345
1.1905731720638493,-0.1203687131332299
0.3723162401581771,-1.0645503947580095
1.080193378984332,0.0446708194182856
0.9678012149543522,0.2631548189954153
0.1799586246815123,-0.9961181230500143
0.9152901634373666,0.1918927217478905
0.5370633494784333,-0.7435387805504516
0.9036789759939692,-0.5613821314267212
0.9171406949548888,-0.4425101675332064
0.8096302506778409,0.5889821101617888
-0.8002275523038271,-0.3780026107432879
-0.8503765087142529,0.4731758280013779
0.8077947426859698,0.553214405595499
-1.0167486783512911,-0.2531947110986165
0.9375224293136128,-0.4747245849569146
0.5396144708052381,0.8903877777164346
0.7496760597810831,-0.8359528788572399
-0.5687162434734926,0.8552193759506935
0.2314270115802525,-0.7474618727708688
-0.9274976154619156,-0.6014657116708368
0.2816841558538888,-1.049024657614215
-0.8096359329877638,-0.7160489598306069
-0.2466972092066187,-1.0083711256444643
-0.6786339340255799,-0.7535866817469847
0.2193647312643584,1.0141212126212795
0.5069416519503401,-0.8533111380108865
-0.4236793181614184,0.8489374412782243
0.9151443542779296,0.1481851773759343
0.4335981299527542,-0.7371540955266936
0.7564017982648037,-0.6255791404650255
1.0953763807967027,-0.291805356192526
-0.9345179981103994,0.4043026742328287
0.9269427264700656,-0.3880222492722892
0.6730611210385846,0.5883780265143905
-0.0767605433164252,-0.9224240100513856
0.044133820174274,-0.8588883284597767
-0.9901566076608854,0.0038454449412935
0.3225832808962735,-1.0704242309387786
-0.5687743814994857,0.7403750361762091
0.6745759075609439,-0.6449418430379832
-0.5330570862651423,-0.945085809741306
0.5139213630263184,-0.9181119622229852
-0.7382453929999016,0.567239675357562
-0.1711223852344482,-0.9984368939862004
-1.10484021463331,0.1836539102124576
0.1225062603943873,-0.9730690179219024
1.0302404536574634,0.0804272410125602
0.416450929395599,0.9601554494140658
-0.9586937601652912,0.2239584042141676
-0.3389223373378269,0.912213801816394
0.9886495013713515,0.0567465623984956
1.1481014840075174,-0.3573098627322235
-0.3451455977894246,1.0259453467955644
-0.7938646210280792,-0.5806117721634971
0.3883728727262849,1.094986493514425
0.3221186399154098,1.0573634653259012
-0.775505693304205,0.7965758393934791
-0.6124196103815267,0.6947875504661946
-0.6433349449175669,-0.8294742188591879
0.5645242007798981,-0.8288783869233897
-0.0442407587523096,-1.0288685840528058
-0.6840820820374737,-0.6822106612706031
-0.7726631632264271,0.5910194345972046
0.8089364690071611,-0.6266097246289015
-0.4215303660857061,0.7832012907477958
0.5290901033477531,-0.8919339647094099
0.6140935533890249,0.7288752852443967
0.197285802448038,0.8957787200621199
-0.6872197410535464,-0.6084327539268286
-0.2883080230893386,1.03844317861909
-0.7897862648488595,-0.5807532278132108
0.7577789414604758,-0.8424002166808672
0.0345538463504745,-0.7050473683058798
1.032610021616237,0.0773145280011211
-0.8988760830681256,0.0622981910226512
-0.2600468995819007,0.7412453211919215
-0.2215031928925219,-1.019702501363568
0.00022759855013404493,-0.9225207185123372
-0.4403139973067467,0.9063698571452986
-1.089318467174969,0.2725199203972315
0.1436775093658445,1.0298883619999135
-0.728457466270771,-0.6982806962881097
0.9390645083074944,0.1574177096325632
-1.1438321011145007,-0.3329889435690146
1.085533708432031,0.2091329796203208
-0.8309204544490048,-0.8594036333944847
0.2775770018307353,0.9429717440704822
0.6879538420054119,0.8439430319175341
-0.2096480507964964,0.9114951035783422
0.8534077434831512,-0.4070644100897216
-0.2111364607328269,-0.8765192518307088
-0.8414869473071726,-0.3814156616096323
-0.2334922652068644,0.975239652650674
0.8177520101433942,-0.1807949293721728
-0.8955881640971904,0.4417801131045203
-0.7737801064455477,0.3696654713883968
-0.2200311181448148,0.935135185017718
0.8779794005610879,-0.6560262716145698
0.3711350995858639,1.0173876458303384
0.7867173044556972,-0.5174243562924676
0.0353685613310644,-1.0578785182421655
1.1030262438827352,0.0418329421243434
-0.2544780326280765,0.8177987471308437
-0.8426621036711884,-0.0533240979347841
-1.0707334195669211,0.1654330312897839
-0.4370556519180703,0.7267258009684103
-1.0367071220160762,-0.2434364124375864
0.8850862802094649,0.2581035492201954
-0.5051493361706806,0.879571313677461
-0.9255135893096624,0.2999003369792573
-0.8244748481647959,-0.332469834568734
0.9902773842287854,0.766065956562731
0.9697724356340616,-0.7548709272497778
-0.5854034664962539,-0.7416625044773542
-0.6619994062671675,-0.6141474140403703
1.0119863805697078,-0.4766717587511302
0.966548570381054,0.4759160224920443
0.8385847278795021,-0.1867465486200769
0.0878131611356154,-1.0879497045740525
-0.1274610809340055,0.9319577325248448
-1.0400494099536668,-0.4214676541103349
0.6001651906331689,0.6392879593664746
-1.0273117894321369,0.0108126617483182
0.7511665013589013,-0.8065615220188808
0.0204451199747535,1.148916981942195
0.9232926773082526,0.4109134090683844
-0.2265546427910454,0.9867717174988802
-0.8449610663651058,-0.5179832624141029
0.8806348932370175,-0.7130729418043255
-0.1448821477980255,0.921919457716819
-0.9011851573105468,0.3347085902083792
0.6789866192210546,-0.6395802083108342
-0.1007158914109732,-0.9357068092430294
-0.8833691176078038,-0.3892287148207636
0.8219633714291924,-0.4577531509607887
-1.0530298262084556,-0.2481421901878691
-0.8232779921261146,0.6992940771223319
-1.129490782608831,-0.2076801336287672
-0.3416677096765532,-1.0271546737872748
1.0686681135870395,0.2284331072350929
0.746526999229566,-0.1543909844653819
1.061989811546194,-0.1316278032669108
0.8193705017617879,0.6401408890847755
0.0310853571015359,-1.127696344681086
-0.8616601268532972,-0.4249292328749207
0.866194005726362,-0.8028680486320512
0.944726893932346,0.3653759748265573
-1.0890239612585426,-0.0050196064804348
-0.6842202013000691,-0.764100794822363
0.7856427060814407,0.4430284470432428
1.1874137660581805,0.0950935377160464
0.974779967880748,0.079952099766472
0.2921037072960162,1.074668289321128
0.4887924468721172,-0.6649795251974059
-0.031224985311146,-0.94213661600676
-0.6370736077323779,-0.9052571602321348
-0.3214957059725802,-0.341221043639174
0.3411402912595092,0.1470473747998423
0.3708718024422613,-0.1099609750264899
-0.3010504226505458,-0.204626068198574
0.2827384897179526,0.324271678773968
0.4138794089010781,0.1578620092667224
-0.1903380790799826,0.395904322099657
-0.1841206267868605,-0.343599117139182
-0.272120617982142,-0.2645979252854119
-0.4127877199559124,-0.0087974178657891
-0.0969993488958816,-0.4201331022338078
-0.3569033457078497,-0.1356676932861543
-0.320813761408302,-0.309667106990672
-0.0188782276559827,-0.406455194339019
0.4778817066470545,-0.1076009843949315
-0.088594956070282,-0.3676527583566701
-0.1641901280053664,0.385791601917755
-0.3355741080894524,-0.1631916140093773
-0.3556590043220891,0.2456064432666924
0.3622256509042407,0.0738273586191962
-0.0023179406245259,-0.3537722837678991
-0.2815241579862302,0.2189969969395881
-0.4283262824712568,-0.0635930986448711
0.402895047516922,0.154070140820046
-0.2339446357379664,0.2800470822459341
-0.3524560610512893,-0.0047555037540243
0.1307980171846354,0.3995634224489339
-0.4190484550658448,0.0474174292243101
-0.0479841957844155,-0.4141642906537577
-0.3142131742757849,0.2853673876991153
0.258507513613376,-0.2574208642845569
-0.0899757478821795,-0.3533102871227462
-0.2877190983793375,-0.4053350872203209
-0.1981992634528124,-0.3677209600403847
-0.3462217335505368,-0.102273128683113
-0.1921103041948175,0.2937703488627332
-0.2299696395906786,0.25639509548659
-0.3438319399594355,0.1977729357290485
-0.1130620796673094,-0.3454381223174416
-0.4026000934379669,-0.0085666896716659
0.3140449504282991,0.1251099220674035
-0.391554708192763,-0.0370768349569019
-0.4091997840239473,0.1296491071313761
-0.0976500572689749,-0.3905387726848524
-0.2552329843297795,-0.3049737907860207
-0.2819582539154191,0.2758290171688964
-0.3873624222856303,0.1192077410106926
-0.4344090582623724,-0.1157742652190942
-0.303936128889915,0.2365813697187119
-0.1668541575704042,0.3724486084394843
-0.3978462323476077,0.1461656808050075
-0.1341843282486151,0.3641942625101545
-0.3127150667365465,0.3155400793229802
-0.3152780135127539,-0.153159012289459
-0.1186893165824141,0.4250876102518145
0.2413690443203671,-0.3333165378284126
0.3046933907161688,-0.2585883693348875
-0.2299579047789342,-0.3133798299848908
0.3568576358207086,-0.0866950624507208
-0.2002675709584977,0.345362583459907
0.3740303229789353,0.0393001463869211
0.4017835140340635,-0.0630133691941499
-0.0798678508597749,0.4237188987754166
-0.3152117828395632,0.2196368676254552
-0.0061339272908968,-0.3632217140370443
0.3699588634990863,-0.1954395034689136
-0.1926510088722504,-0.3674992973457121
0.2908203725726024,-0.2863388693758128
0.2547856198999665,-0.2729497573797459
0.3601973420864708,-0.2466812239733412
0.0003576742695861345,0.3344542956420768
-0.2170089154132398,0.3503562845005136
-0.3288718700909035,0.2571309168891406
0.3116211303178425,-0.2599061597600998
0.3391905301755888,0.0265999575225745
-0.0792033133027703,0.3871952966479386
-0.3661894138464515,-0.0439390750905179
-0.1775408286478371,0.2958962007888771
0.1310698751137069,0.4509285560293015
-0.1264323752832549,-0.4505746249943785
-0.112236807122799,-0.432220551475612
-0.0956179926274143,0.3600347804576904
-0.2668641928367852,-0.3711608184900746
-0.1152523100182804,0.42895897771192
0.4574069628719795,0.1472778172280705
0.1224406948435069,0.4456487832159858
0.0058098333006052,-0.4164765335387238
-0.1399208329919557,-0.3573274948679658
-0.0679173169077572,0.4294981791414008
-0.2076156187776626,0.3680451117209386
-0.0594697769281804,0.4216062945762656
0.1129314618978127,-0.3874389152381143
0.2715752822185693,0.2716219577771464
0.2245683006618331,-0.3351343923085464
-0.1779610155648259,-0.3725534519320901
0.4309233929566665,-0.0743612813441183
-0.1772106820742514,0.4194090661755
0.3438213706266831,0.1717323573488119
0.379372075377686,0.2498641145342714
0.3404001145284529,0.2732895182629096
0.0402227295473704,0.4107164942872435
-0.16162521854297,-0.3582708096037365
-0.0224622319754219,0.4772105245328878
-0.3673211899787987,-0.0671557600252662
-0.1858736366369709,0.3433918703694849
0.2623149436960456,-0.3257558212669823
-0.1837535180648292,-0.3182091117643842
0.1303058836352445,0.2908626170455946
0.2796235590239374,0.2788348693073585
-0.3933574522728828,-0.126517215717916
-0.0649551889688597,-0.4028383525791744
-0.2891021570364941,-0.314310039219807
-0.3730623528992524,-0.0842227219709338
0.2375147348028654,0.3234453270936897
-0.0052614320396377,-0.3991279761865494
0.2630245080315874,-0.3091550492880865
-0.0922148014083872,-0.4779548442521821
0.0591146197816963,0.3620309325704201
0.323745864944702,0.2191076933091659
-0.0037630941284213,0.3970730270259323
-0.0732634349848752,0.3722894741056303
-0.4099195577674326,-0.0591224467966523
0.3535917216219499,0.1770156701756879
0.4088999508845303,0.0286713314334517
0.3480972441928495,-0.1060369818414309
0.0602854779667578,-0.359928260035057
-0.3433852964809548,-0.1606712547887476
-0.3681022071084887,0.0453753867149644
-0.4527199330356123,-0.0182127906334308
0.268430214981007,0.3153422891404618
0.3848042438237806,0.1014705263591022
0.1717428090478283,0.3909821663276178
-0.4107177971328697,-0.0396386487954531
0.1100811324689548,0.3451680681171724
-0.3557599133313057,0.1035651485057266
-0.0986132693763311,-0.3303761768734373
-0.350035686921616,-0.2734183815722828
-0.3048066114945371,0.10778864838008
0.4251555180971945,-0.1690316380552925
-0.4054697407984526,0.2431657582237139
-0.1576969568519059,0.3225068503350078
0.2231174048676952,0.2757668698709278
0.2836076644080015,-0.3133698987529891
-0.4408901599500422,-0.0782701107135069
0.253324110455337,-0.3593474589567385
0.1196110290022954,-0.3606591202595756
0.2803931385008988,-0.2635028368432313
0.28137785847709,0.1777939173066781
0.1472804343375317,0.3220960133129047
0.1872507247688882,0.3645649239059754
-0.1346363157618583,-0.3782229075369771
0.0428683361166122,-0.3956563479694826
0.2943129198847082,-0.163184740193527
-0.2827135535086085,-0.2339650463234187
0.2339033526361117,0.3813939177400879
0.3907414903340476,0.178040877339167
-0.1504509049058867,-0.3648972837272971
-0.1465158235208468,-0.3970075839924976
-0.2557611763321351,0.4031999629115484
-0.2177709795546977,0.3354240865968058
-0.2420649221766223,-0.2748430942605037
-0.1728787210719801,-0.3734136723009304
-0.2937711308223789,-0.2181824330416309
-0.3438431494170829,0.2323581342399268
0.234026652097335,0.3119805630344988
0.1599949542841001,0.359370493056258
0.2473447543478596,-0.1175759356371364
-0.0751692169612685,0.3699639267463813
-0.102260097818808,0.3746650791502259
0.3014912837110969,-0.1845751438944048
0.3703676778301765,-0.0760822402651047
0.0119881989706441,-0.35450038968884
-0.2045893655141341,0.2784130121416293
-0.3697957535895507,-0.1291869185833263
0.2953620964086571,-0.2829317125902607
-0.2165853961690136,-0.2864839209934758
-0.3894996038757311,0.2284998167918978
0.2928935776061648,-0.2431043395558577
0.143503585097486,-0.3239665489523451
-0.0400687306098485,-0.4367747980816623
-0.2998844211394836,-0.1964867570951623
-0.0460371011472069,0.4198178663612294
0.4057689715209049,0.1935915215480337
0.3931271127324138,-0.1619154413627156
0.3559569297581561,0.2368913284189497
0.4063286364356684,-0.1029377606357661
0.2087568372515128,-0.3609866926853524
-0.1551035861650543,0.4360048214823127
0.418274555107225,-0.1647355262440572
-0.1976382955491918,-0.3561479957356881
-0.3736883120329673,0.1391219323574208
-0.422244388796709,0.0603213023126691
-0.2886634144016488,0.2341870147222649
0.2419432086698728,0.3494357298822368
0.3274191382697715,0.0576757954387437
0.2731774631655183,-0.2847834359839308
0.3819787806461248,-0.2037920970537639
-0.2851707964978364,0.2057859983346801
0.1056756945848208,-0.4477822540639876
-0.3813803544511637,-0.1727809413689394
0.287769887848171,0.1368094895157797
0.3124901293764081,0.2017023545820999
-0.0179469929993057,-0.319106573402695
0.2918443527235707,0.2912216054575454
0.4278256157624872,0.069597918573174
0.3128649300149245,-0.0267818926779735
0.3804327685494408,0.2107796496991047
0.2314097097638062,0.3198524086426543
-0.0155701555053239,-0.3919802772899654
-0.2783403612958723,0.296043127547852
0.2718894832219617,-0.3015821131728357
-0.3171660690148493,0.0449856834668542
0.3327245641573936,0.1245016086328084
-0.4161413691692525,0.0575583380711146
-0.1034958049290461,-0.3915634515180068
0.2587169900994712,-0.2982560748352928
-0.0570320958678266,0.4337677115864166
-0.4783597881413143,0.1037536686244185
-0.1481442429308486,-0.3143165767839463
0.2297049906502927,-0.2704843215177605
0.2597537829549214,0.2414828418573732
0.3207670501483459,0.1782247414779856
0.3673711231177748,-0.1241270868333011
0.3703333964604455,0.0086427027787105
0.1574001531682571,0.3054212292291556
-0.1581828617411308,0.2981795734808999
0.4360476154341973,-0.1183837800808542
0.3775295268791097,-0.1681816237172904
-0.2357895179299349,0.3013747971121991
0.1014838814984349,-0.3554867957374739
-0.0448425783967915,0.4137113728279638
-0.1593110826753248,0.4257997289059553
-0.2434499869033845,-0.3251058225257013
0.0752316722438876,0.3954334925075368
0.0488727049818226,-0.4528929658463169
-0.2731827725927925,-0.3425264788401062
-0.3484169943594594,0.0430414493819257
-0.3947030450018746,0.1049335804114024
0.239354446470356,-0.3328702792801056
0.1970277900734793,0.3747631363892624
0.0865276875971532,0.3884384711341899
0.1605381060110061,-0.2902735815934253
-0.4200860577939292,0.041958248887146
0.3454543696720326,-0.249953524391338
0.4762292688255397,-0.0481474852532919
0.1489264960632708,-0.4258201579032038
0.4320773515937328,0.0178683277673142
0.3871204859817408,0.1052619275981661
0.0719834498726049,-0.3984472492200058
0.3661160653749466,0.0767570886991562
0.2148253397913733,-0.2974155122201806
0.3614715903975876,-0.2245528525706885
0.3668562779819555,-0.1770040670132825
0.3238521002711363,0.2355928440647155
-0.3200910209215308,-0.1512010442973151
-0.3401506034857011,0.1892703312005511
0.3231178970743879,0.2212857622381995
-0.4066994713405164,-0.1012778844394466
0.3750089717254451,-0.1898898339827658
0.2158457883220952,0.3561551110865738
0.2998704239124332,-0.3343811515428959
-0.227486497389397,0.3420877503802774
0.092570804632101,-0.2989847491083475
-0.3709990461847662,-0.2405862846683347
0.1126736623415555,-0.419609863045686
-0.3238543731951055,-0.2864195839322427
-0.0986788836826474,-0.4033484502577858
-0.271453573610232,-0.3014346726987938
0.0877458925057433,0.4056484850485118
0.202776660780136,-0.3413244552043546
-0.1694717272645673,0.3395749765112897
0.3660577417111719,0.0592740709503737
0.1734392519811017,-0.2948616382106774
0.3025607193059215,-0.2502316561860102
0.4381505523186811,-0.1167221424770104
-0.3738071992441597,0.1617210696931315
0.3707770905880262,-0.1552088997089156
0.2692244484154338,0.2353512106057562
-0.0307042173265701,-0.3689696040205543
0.0176535280697096,-0.3435553313839107
-0.3960626430643542,0.0015381779765174
0.1290333123585094,-0.4281696923755114
-0.2275097525997942,0.2961500144704836
0.2698303630243776,-0.2579767372151932
-0.2132228345060569,-0.3780343238965224
0.2055685452105273,-0.3672447848891941
-0.2952981571999606,0.2268958701430248
-0.0684489540937793,-0.3993747575944801
-0.441936085853324,0.073461564084983
0.0490025041577549,-0.3892276071687609
0.4120961814629854,0.032170896405024
0.1665803717582396,0.3840621797656263
-0.3834775040661164,0.089583361685667
-0.1355689349351307,0.3648855207265576
0.3954598005485407,0.0226986249593982
0.4592405936030069,-0.1429239450928894
-0.1380582391157698,0.4103781387182257
-0.3175458484112317,-0.2322447088653988
0.1553491490905139,0.4379945974057699
0.1288474559661639,0.4229453861303605
-0.310202277321682,0.3186303357573916
-0.2449678441526107,0.2779150201864778
-0.2573339779670268,-0.3317896875436751
0.2258096803119592,-0.3315513547693559
-0.0176963035009238,-0.4115474336211223
-0.2736328328149894,-0.2728842645082412
-0.3090652652905709,0.2364077738388818
0.3235745876028644,-0.2506438898515606
-0.1686121464342824,0.3132805162991183
0.2116360413391012,-0.3567735858837639
0.2456374213556099,0.2915501140977586
0.0789143209792152,0.3583114880248479
-0.2748878964214186,-0.2433731015707314
-0.1153232092357354,0.415377271447636
-0.3159145059395438,-0.2323012911252843
0.3031115765841903,-0.3369600866723469
0.0138215385401898,-0.2820189473223519
0.4130440086464948,0.0309258112004484
-0.3595504332272502,0.0249192764090605
-0.1040187598327603,0.2964981284767686
-0.0886012771570087,-0.4078810005454271
9.103942005361798e-05,-0.3690082874049348
-0.1761255989226987,0.3625479428581194
-0.4357273868699876,0.1090079681588926
0.0574710037463378,0.4119553447999655
-0.2913829865083084,-0.2793122785152439
0.3756258033229978,0.0629670838530253
-0.4575328404458003,-0.1331955774276058
0.4342134833728123,0.0836531918481283
-0.3323681817796019,-0.3437614533577938
0.1110308007322941,0.3771886976281929
0.2751815368021647,0.3375772127670136
-0.0838592203185985,0.3645980414313369
0.3413630973932605,-0.1628257640358886
-0.0844545842931307,-0.3506077007322835
-0.336594778922869,-0.1525662646438529
-0.0933969060827457,0.3900958610602696
0.3271008040573576,-0.0723179717488691
-0.3582352656388762,0.1767120452418081
-0.309512042578219,0.1478661885553587
-0.0880124472579259,0.3740540740070871
0.3511917602244351,-0.2624105086458279
0.1484540398343455,0.4069550583321353
0.3146869217822788,-0.206969742516987
0.0141474245324257,-0.4231514072968663
0.441210497553094,0.0167331768497373
-0.1017912130512306,0.3271194988523375
-0.3370648414684754,-0.0213296391739136
-0.4282933678267684,0.0661732125159135
-0.1748222607672281,0.2906903203873641
-0.4146828488064304,-0.0973745649750345
0.3540345120837859,0.1032414196880781
-0.2020597344682722,0.3518285254709844
-0.370205435723865,0.1199601347917029
-0.3297899392659184,-0.1329879338274936
0.3961109536915141,0.3064263826250924
0.3879089742536246,-0.3019483708999111
-0.2341613865985015,-0.2966650017909417
-0.264799762506867,-0.2456589656161481
0.4047945522278831,-0.1906687035004521
0.3866194281524216,0.1903664089968177
0.3354338911518008,-0.0746986194480307
0.0351252644542461,-0.4351798818296209
-0.0509844323736022,0.3727830930099379
-0.4160197639814667,-0.1685870616441339
0.2400660762532675,0.2557151837465898
-0.4109247157728547,0.0043250646993273
0.3004666005435605,-0.3226246088075523
0.0081780479899014,0.4595667927768779
0.369317070923301,0.1643653636273537
-0.0906218571164181,0.3947086869995521
-0.3379844265460423,-0.2071933049656411
0.352253957294807,-0.2852291767217302
-0.0579528591192102,0.3687677830867276
-0.3604740629242187,0.1338834360833516
0.2715946476884218,-0.2558320833243336
-0.0402863565643892,-0.3742827236972117
-0.3533476470431215,-0.1556914859283054
0.3287853485716769,-0.1831012603843154
-0.4212119304833822,-0.0992568760751476
-0.3293111968504458,0.2797176308489327
-0.4517963130435324,-0.0830720534515069
-0.1366670838706212,-0.4108618695149099
0.4274672454348158,0.0913732428940371
0.2986107996918264,-0.0617563937861527
0.4247959246184776,-0.0526511213067643
0.3277482007047151,0.2560563556339102
0.0124341428406143,-0.4510785378724344
-0.3446640507413189,-0.1699716931499683
0.3464776022905448,-0.3211472194528205
0.3778907575729384,0.1461503899306229
-0.435609584503417,-0.0020078425921739
-0.2736880805200276,-0.3056403179289452
0.3142570824325763,0.1772113788172971
0.4749655064232721,0.0380374150864185
0.3899119871522992,0.0319808399065888
0.1168414829184064,0.4298673157284512
0.1955169787488468,-0.2659918100789623
-0.0124899941244584,-0.3768546464027039
-0.2548294430929511,-0.3621028640928539
-0.8976689499104396,-2.0305330139658064
-0.5547512423945591,-2.0262866837856315
-1.333690527244471,-2.0051468644426333
-1.0513521070824936,-2.197266335973404
-0.793370652361773,-1.998877174961485
-1.2214478416135537,-1.9764655142706171
-0.1292130723595619,-2.095036985352112
-0.9388045066734776,-2.175714797519533
-1.0145329335937276,-2.035996065091517
-1.376912968698889,-2.3121589558424525
-0.7110109361819923,-1.8327452887756923
-1.4309736377326772,-1.930945018355103
-0.3247887416509911,-2.097667032007112
-0.2984459828585386,-1.9984865824395104
-1.4157357264775785,-2.016545417525043
-0.4602096771122888,-2.166021336852687
-1.371835934347473,-2.0878434380265505
-0.516426685382612,-1.9034184161397625
-1.2347574593732134,-2.1155821306734004
-0.9138983997981996,-2.0751395711615603
-0.572651487775147,-2.074508435585474
-0.9598449845798314,-1.8772947514525944
-0.701898219413124,-2.0190857993821414
-0.8963863140670583,-1.944568925402532
-0.1593677618075162,-1.922856687289628
-0.6551911574788392,-2.038006679979076
-1.337223304552026,-2.112855138835598
-0.4121268333401531,-1.9829898222960016
-1.0045415048953146,-2.0358542332051064
-0.4244259526021778,-1.8557061509313404
-1.4733083616010845,-2.051994686324327
-0.0494322100421413,-2.0310642094399314
-0.0791248006280511,-1.931726253539845
-0.6242983073461801,-2.066357842036544
-0.2086643736111,-2.001795054863692
-1.394666064181365,-1.9503408983468389
-1.108760958071798,-2.0404274700505693
-1.4223440723726526,-2.121164881021411
-0.8996944099199027,-1.968725628326384
-0.8260842233430594,-2.0279861864189668
-0.8304398576729,-2.2019855134544715
-0.5306811695918441,-1.973042113682221
-0.0544477491639554,-1.9868200749130824
-0.2368929299991578,-2.167877127038153
-0.7270285264821723,-2.0525879503304054
-1.4790641837753356,-2.0175124623445124
-0.5097058990504593,-2.055663076339161
-1.419708262081258,-1.944815159089148
-0.363145918934606,-2.1576051513280263
-1.0161049148300665,-2.0954292772391137
-0.3677442470798269,-2.044986342459853
-0.4633802950847894,-1.8556093604848427
-1.4289675594773144,-2.0155254088813823
-0.0036349897272884,-2.10217189079899
-0.3444530109409243,-1.846153025281689
-1.1952865237835797,-2.023117597412646
-1.2334340322995558,-1.944807613784829
-1.382996585802175,-1.887820596313002
-0.7689596893033013,-1.9590454607647507
-1.1037320215255022,-1.869973847395912
-1.459589346544817,-2.0790921271535217
-0.4211613092338666,-1.8401380546251451
-0.6227330644614995,-2.182290027350444
-0.860899782855995,-2.097536311397685
-1.2638413987588135,-2.0586460658851777
-0.028267333866097,-1.976689044819759
-1.4779986594803631,-2.0473448624825337
-0.2965238553006202,-1.941688901931143
-1.4291879357770083,-1.957997055270812
-0.8598183434223756,-1.932113909142945
-1.383451832109131,-1.8517538974830527
-0.94767586060334,-2.1425284037761854
-0.4364660909632221,-1.903002501934992
-0.5189123981399462,-2.0265465767861874
-0.5671736758667976,-2.080310555068517
-0.6663396625081077,-2.1777034101915964
-0.3699729609070346,-2.0849036891625667
-0.2081984690157696,-2.0299478219146017
-1.0539090066449717,-2.194024447918985
-0.9050655788742006,-2.0360032787633844
-0.6418133145198226,-1.948989381283018
-1.3531145254382864,-2.1297970418529646
-0.5104765748837963,-2.000484740234794
-1.1209235968999565,-2.1344852234888965
-0.8008391676703468,-2.005168418523116
-0.7395559254800901,-1.910515020664092
-1.298684268258512,-2.2179882272794185
-0.7033251287648454,-1.7693583567732791
-0.1941311100963503,-2.116775035555093
-1.1113328954670578,-1.9059570281326843
-0.0714844730682671,-1.792089840393812
-0.00205242424272,-2.094382402327334
-0.0326073977630585,-2.067545414512636
-0.0857529131462797,-1.8978349672002588
-0.2790744421072304,-2.0817503430666977
-0.7279021177673712,-2.0957120734010988
-0.8613748904317617,-1.8418880720173296
-0.046043538255617,-1.8233557198512629
-0.8262086673639715,-2.0227035158885545
-1.0050512416055426,-1.771888980502473
-0.0427073284517973,-3.0532218092437797
-1.0257167662493885,-3.0498500477357613
-0.7910318481735885,-3.115013957757585
-0.2808695510029793,-2.987375907727189
-1.1882057528709993,-2.952713610082887
-1.2332410864764825,-3.0186525215206435
-1.1244113420834765,-3.161928644995828
-1.2888963249279186,-3.040275904621941
-0.1206796034239232,-2.9587187758194835
-1.4062663380755112,-3.0720719404060524
-0.4418891763780266,-3.0590065230419112
-1.3180272546596823,-3.1169626617861668
-0.3905213893158361,-2.940854335392816
-0.3491596950916573,-3.066863894900174
-0.7576114777475595,-2.6832062352783543
-0.0897229184629395,-2.898696058264185
-0.641169395414181,-3.016598731965138
-0.4417018125532195,-2.999758352773239
-1.031110945274122,-3.071730198317441
-1.4391455235891044,-2.9718661971691978
-0.192207109183073,-2.999271810288639
-1.061437523458153,-3.172970022640833
-0.9417106860782952,-3.18434736164092
-1.1724796041380614,-2.9398796968589744
-0.0347896077437326,-3.231793757081662
-0.5171290347352624,-3.038031207371957
-0.4180171875050291,-2.834483509980844
-0.5220761775271967,-3.166285504901553
-0.2422421142691746,-2.970527033421841
-0.0553360108751803,-2.84300985608066
-0.1050336621701717,-2.9488053103237952
-0.8022325588390231,-2.8714097598936057
-0.7780872168950737,-3.0967514753559717
-0.2802998375846073,-2.9367610645493265
-1.442145501379855,-2.981692133235368
-0.7446400778135285,-2.8649883883076264
-1.093421776662581,-2.7512672328555747
-0.1368107203161344,-2.9885338302918534
-0.4147569271735847,-2.890425963599602
-0.3070823064772412,-3.040270987119297
-0.1716198896756395,-3.0359069714354474
-0.3188319448381662,-3.055278822991645
-0.6262713252799585,-3.135467498027566
-1.4891798979369923,-2.992666113793774
-0.3010433327872306,-3.003898852999213
-0.8138602639082819,-2.9278130116018635
-0.2592447863426059,-3.0214918957806183
-0.7053159435745329,-3.0915584933773483
-0.2279295270564034,-3.0128438540802174
-0.3589492208557203,-2.815978951217861
-0.3410424623871222,-2.954946874400936
-1.1243874878855422,-2.972520632233929
-0.8638567356392741,-2.8943623582002926
-0.5811265718657523,-2.820794572094574
-0.2291320577496662,-2.828918078390135
-0.1929960254346951,-3.0431428933937457
-1.0394209512742236,-3.0079276864385114
-0.3435513053555041,-3.0363225044500592
-0.5455710244132206,-3.0200990473036904
-0.7846695083426312,-2.9548718070163664
-1.0421323694754392,-3.047994198480221
-0.3342769704759121,-3.11655251801267
-0.4745813640765846,-3.023894397129058
-0.9464184619719164,-2.855016534809097
-0.4622860508970916,-2.8147126127746853
-0.9394437291193752,-3.0403231504462784
-0.8130636080168188,-2.917303168404383
-0.7926618161145598,-3.012913490241264
-0.7336601129500195,-3.012152688679837
-1.2763690443243831,-3.067427328480046
-0.4983711257809773,-3.157843379879441
-0.0955917926039546,-2.8197923603552884
-1.3064790358766911,-2.919888318613549
-0.4679640586255118,-3.179226472750817
-0.2305521009257063,-3.034741872627545
-1.3238729200093076,-2.844568407067035
-0.5907889640657231,-2.98935072068141
-0.6405445255804807,-2.980749107932952
-0.4374864308629185,-2.915077203285906
-0.1332766141276806,-2.9009485388246725
-0.8509009595727548,-2.9372417788355203
-0.8803489044075832,-2.958478451444396
-1.4547592783346772,-2.852506093516528
-0.9790368843823672,-2.829052792608848
-0.3407061598263681,-2.977164039805068
-0.7712156481575221,-3.020811688206064
-0.9039100940572098,-2.998785424472765
-1.2807448161765933,-2.9650277336745035
-0.4023026498034596,-3.0677644642409865
-0.8466723945457488,-2.9357817320802613
-0.0304246359737589,-3.128943803526937
-0.0421281260205432,-2.777393274502552
-1.3141240153927356,-3.248341935897588
-0.8795998028945178,-2.982716572129424
-0.1320557564031332,-3.005890414765448
-0.8954238885780796,-2.945254770269502
-0.9650777344359084,-3.0410473602104307
-0.2565509886480868,-2.75975948396864
-0.7848740026820451,-3.014422093944235
-1.0591943431645632,-2.997660355716536
-1.0047800929751247,-0.7045704290673349
0.6452988751698285,-2.437964565215653
-0.11904431367293,-0.7869185191422063
0.4154107498470694,-0.0250393657629277
-0.1322602804284542,-3.353462155339917
1.342191374860704,-1.5845178121131729
1.150222571566701,1.2538741495817596
0.8325215487275273,-1.7740210555321454
-1.3533826146740466,-2.4236679798788847
0.4175712796859443,-0.5423306183464295
-1.0564113585278392,-1.7230008907908392
-0.2281760517507791,0.4837446283852196
-1.377274453639984,0.082048862474279
-0.338760505663231,-0.2002415558903225
0.5881997274700552,-2.4252158014167424
0.7152524327393621,-0.6407961673165626
-0.5165573589038104,-0.6187774493142258
-0.4032859692815691,-3.0834585318332848
-1.401169982040301,-0.3721660970638786
1.2231038811150938,-0.6993867541153453
-0.8815455478616059,-2.058397238612694
1.1991267087869346,-1.2086494596372714
-1.0205484721809626,1.0479732298308555
0.6081033730879426,-0.2159027223053473
0.3506553636398166,-2.277229314596573
1.1660931562073529,-0.9088759934992618
0.6341356532648206,0.7468453063403047
1.090422407258302,-0.9675478165259376
-1.1956522862892598,-1.5114327154046825
-0.0207804192323237,0.1648052385982656
1.0420065990183502,-1.4652773416761415
-0.0772780962288379,-1.2306300487433843
0.5388339338824153,-0.1441908474690197
-1.1227718833833933,0.7791443319706532
0.2774274121038615,-1.825342715690874
-0.6010712371207774,-1.2288799526346434
0.3128408517222851,-1.0690373174875258
1.339771349681541,-0.1058689425845805
0.5018456317484379,0.5404061702468583
0.7436624737456441,0.6911065002257215
1.0043356537353247,-1.2272169158630848
-0.9070121962577103,-0.0687890370297913
-0.6049937345087528,-1.8736026292168655
-1.176208111457527,-1.5378213733531516
0.0547578306868672,-2.1969441912583125
1.411261493805796,-2.1004158180478667
1.4922076233197004,-0.4087800696441145
-0.5824017988052219,-0.2662874323075398
-1.085107472492382,-0.7827224377756995
-0.1325628887861967,-1.762214043390277
1.1124121941360228,-2.727043569901944
1.0697774490472751,-2.597345266904835
1.0180907478694348,-2.4378809740954424
0.9830397169594212,-2.433743832770212
0.9765471952647315,-2.5650990248720245
0.8645069307162953,-2.5208737068554283
1.0629956078520475,-2.320308835285826
1.0447270152516537,-2.609877841489441
0.895595814154325,-2.322225790824675
0.9812714425376226,-2.4683055591855423
1.1287290870292117,-2.3950423578368434
1.127409281326188,-2.552628078500674
0.8778838641807643,-2.6120212536302403
1.080202190654962,-2.4601740505933267
1.0126830700702607,-2.4578693196996304
1.0388514857183542,-2.542515364905058
0.9127803826788612,-2.5876991005981105
0.9792913009991024,-2.370000339569047
0.7941587311027946,-2.6336786756495
0.9260876682885504,-2.357075757026735
0.9693377875624584,-2.559469312008645
1.1303417633533213,-2.6882686457820206
0.8941340144944891,-2.2819688768276
1.0301720185835217,-2.4621222721356366
1.0089973186832777,-2.6069312828704985
0.8636607749428878,-2.5375144981621944
1.0282523871303602,-2.579479771846238
1.1580699450433825,-2.4684877131288725
1.094004024632186,-2.4866060614316345
1.1131430232010815,-2.6240551575578843
0.9786304099306156,-2.4743519463079
1.095783890475,-2.5674070206745747
0.7629190370464328,-2.4366772646214883
0.8746741390645155,-2.439763512675606
0.9825152048367036,-2.503403368652627
1.0108511592901088,-2.578970636054902
1.051692045431265,-2.547043555421421
1.0721634385944805,-2.60128181376277
0.9540056167223704,-2.416644672992658
0.9518388453488824,-2.3645976437768264
0.9650724677746522,-2.4949927288013547
0.9438234028156292,-2.466311924435555
0.9875297301601936,-2.5208998873319395
1.0877552327860636,-2.478154001210316
1.046334691360602,-2.312652479207628
0.9560634663670554,-2.47382781950283
0.9307582707503196,-2.366530548064358
0.989554720640944,-2.4752253353854905
0.9792000087432868,-2.637578486118361
1.1219308412228224,-2.6190539781757307
