idEmpleado;Nombre_empleado;Jefe;Cargo empleado;Foto empleado;Foto jefe;Cargo jefe
1;Alfredo Diaz;;Director;https://peoplegraph.blob.core.windows.net/images/Paul.jpg;;Director
2;Patricia Gomez;Alfredo Diaz;Jefe Venta;https://peoplegraph.blob.core.windows.net/images/Patty.jpg;https://peoplegraph.blob.core.windows.net/images/Paul.jpg;Director
3;Rosalba Buendia;Alfredo Diaz;Jefe Comercial;https://peoplegraph.blob.core.windows.net/images/Evy.jpg;https://peoplegraph.blob.core.windows.net/images/Paul.jpg;Director
4;Maritza Rojas;Patricia Gomez;Vendedor;https://peoplegraph.blob.core.windows.net/images/Carleen.jpg;https://peoplegraph.blob.core.windows.net/images/Patty.jpg;Jefe Venta
5;Julian Martinez;Patricia Gomez;Vendedor;https://peoplegraph.blob.core.windows.net/images/Jorden.jpg;https://peoplegraph.blob.core.windows.net/images/Patty.jpg;Jefe Venta
6;Diosmira Cabello;Patricia Gomez;Vendedor;https://peoplegraph.blob.core.windows.net/images/Madalina.jpg;https://peoplegraph.blob.core.windows.net/images/Patty.jpg;Jefe Venta
7;Mauricio Gonzales;Rosalba Buendia;Auxiliar de Marketing;https://peoplegraph.blob.core.windows.net/images/Dirk.jpg;https://peoplegraph.blob.core.windows.net/images/Evy.jpg;Jefe Comercial
8;Reynaldo Reyes;Rosalba Buendia;Auxiliar de Marketing;https://peoplegraph.blob.core.windows.net/images/Roel.jpg;https://peoplegraph.blob.core.windows.net/images/Evy.jpg;Jefe Comercial
